"DESCRIPTION","DURATION IN MS","NAME","PARENT SUITE","START TIME","STATUS","STOP TIME","SUB SUITE","SUITE","TEST CLASS","TEST METHOD"
"","567","TC_API_001 - Get Account Details","chromium","2026-10-07","passed","2026-10-07","Account APIs","API/tests/account.api.spec.ts","",""
"","11684","TC-RLN-014 - Down Payment Equals Loan Amount","firefox","2026-10-07","passed","2026-10-07","Loan Request Tests","tests/loanRequest.spec.ts","",""
"","11232","TC-OAC-016 - Open Savings Then Checking Account","firefox","2026-10-07","passed","2026-10-07","Accounts & Balances","tests/account.spec.ts","",""
"","555","TC_API_042 - Verify Balance Information Exists","webkit","2026-10-07","passed","2026-10-07","Transaction APIs","API/tests/transaction.api.spec.ts","",""
"","9213","TC-BPY-010 - Pay same biller twice in one session","webkit","2026-10-07","passed","2026-10-07","Bill Payment Tests","tests/billpay.spec.ts","",""
"","5343","TC-REG-007 - Registration - Data Persistence @regression","webkit","2026-10-07","passed","2026-10-07","Registration Tests","tests/registration.spec.ts","",""
"","11946","TC-FTX-003 - Search Transaction By Date Range @regression","webkit","2026-10-07","passed","2026-10-07","Transaction Search & Statement Reconciliation","tests/findTransactions.spec.ts","",""
"","12059","TC-FTX-001 - Search Transaction By ID @smoke","firefox","2026-10-07","passed","2026-10-07","Transaction Search & Statement Reconciliation","tests/findTransactions.spec.ts","",""
"","7763","TC-RLN-005 - Down Payment Exceeds Balance","webkit","2026-10-07","passed","2026-10-07","Loan Request Tests","tests/loanRequest.spec.ts","",""
"","554","TC_API_035 - Verify Transactions Root Tag Exists","webkit","2026-10-07","passed","2026-10-07","Transaction APIs","API/tests/transaction.api.spec.ts","",""
"","7088","TC-RLN-008 - Loan Amount Zero","firefox","2026-10-07","passed","2026-10-07","Loan Request Tests","tests/loanRequest.spec.ts","",""
"","5731","TC_MV_02 - Mobile Accounts Overview","firefox","2026-10-07","passed","2026-10-07","","tests/mobile.smoke.spec.ts","",""
"","6552","TC_A11Y_03 - Transfer Funds Accessibility","mobile-chrome","2026-10-07","passed","2026-10-07","Accessibility Tests","tests/accessibility.spec.ts","",""
"","9044","TC-TRF-016 - Verify User Can Clear Amount Field @regression","mobile-chrome","2026-10-07","passed","2026-10-07","Fund Transfers","tests/transferFunds.spec.ts","",""
"","10676","TC-OAC-006 - Open Two CHECKING Accounts @regression","firefox","2026-10-07","passed","2026-10-07","Accounts & Balances","tests/account.spec.ts","",""
"","8006","TC_MV_05 - Mobile Logout","firefox","2026-10-07","passed","2026-10-07","","tests/mobile.smoke.spec.ts","",""
"","8090","TC-TRF-016 - Verify User Can Clear Amount Field @regression","webkit","2026-10-07","passed","2026-10-07","Fund Transfers","tests/transferFunds.spec.ts","",""
"","529","TC_API_029 - Non Numeric Transaction ID","mobile-chrome","2026-10-07","passed","2026-10-07","Transaction APIs","API/tests/transaction.api.spec.ts","",""
"","531","TC_API_040 - Verify Response Contains Account ID","chromium","2026-10-07","passed","2026-10-07","Transaction APIs","API/tests/transaction.api.spec.ts","",""
"","8853","TC-BPY-005 - Pay same biller twice in one session","firefox","2026-10-07","passed","2026-10-07","Bill Payment Tests","tests/billpay.spec.ts","",""
"","2983","TC-LGN-005 - Blank Username And Password @smoke @regression","mobile-chrome","2026-10-07","passed","2026-10-07","Login Module","tests/login.spec.ts","",""
"","526","TC_API_004 - Verify Account Type Exists","chromium","2026-10-07","passed","2026-10-07","Account APIs","API/tests/account.api.spec.ts","",""
"","6910","TC-BPY-008 - Verify bill payment with negative amount","mobile-chrome","2026-10-07","passed","2026-10-07","Bill Payment Tests","tests/billpay.spec.ts","",""
"","565","TC_API_027 - Verify Transaction Response Time","chromium","2026-10-07","passed","2026-10-07","Transaction APIs","API/tests/transaction.api.spec.ts","",""
"","2878","TC-LGN-005 - Blank Username And Password @smoke @regression","webkit","2026-10-07","passed","2026-10-07","Login Module","tests/login.spec.ts","",""
"","7103","TC-AOV-001 - Accounts Overview - Valid Flow @regression","mobile-chrome","2026-10-07","passed","2026-10-07","Login Module","tests/login.spec.ts","",""
"","8643","TC-OAC-003 - Verify New Account ID Generated @regression","firefox","2026-10-07","passed","2026-10-07","Accounts & Balances","tests/account.spec.ts","",""
"","10976","TC-OAC-009 - Verify Account ID Uniqueness @regression","chromium","2026-10-07","passed","2026-10-07","Accounts & Balances","tests/account.spec.ts","",""
"","9382","TC-RLN-004 - Apply Multiple Loans","mobile-chrome","2026-10-07","passed","2026-10-07","Loan Request Tests","tests/loanRequest.spec.ts","",""
"","8180","TC-TRF-018- Verify Amount Field Visible @regression","webkit","2026-10-07","passed","2026-10-07","Fund Transfers","tests/transferFunds.spec.ts","",""
"","596","TC_API_043 - Verify Empty Account ID Returns Error","mobile-chrome","2026-10-07","passed","2026-10-07","Transaction APIs","API/tests/transaction.api.spec.ts","",""
"","12852","TC-FTX-004 - Search Transaction By Amount @regression","chromium","2026-10-07","passed","2026-10-07","Transaction Search & Statement Reconciliation","tests/findTransactions.spec.ts","",""
"","3610","TC-LGN-004 - Blank Password @smoke @regression","chromium","2026-10-07","passed","2026-10-07","Login Module","tests/login.spec.ts","",""
"","11528","TC009 - Future Date Search @regression","chromium","2026-10-07","passed","2026-10-07","Transaction Search & Statement Reconciliation","tests/findTransactions.spec.ts","",""
"","8189","TC-OAC-013 - Verify Account Type Dropdown Values","mobile-chrome","2026-10-07","passed","2026-10-07","Accounts & Balances","tests/account.spec.ts","",""
"","534","TC_API_043 - Verify Empty Account ID Returns Error","chromium","2026-10-07","passed","2026-10-07","Transaction APIs","API/tests/transaction.api.spec.ts","",""
"","10529","TC-LGN-007 - Login - Special Characters Validation @regression","firefox","2026-10-07","passed","2026-10-07","Login Module","tests/login.spec.ts","",""
"","10863","TC-OAC-001- Open CHECKING Account @smoke","chromium","2026-10-07","passed","2026-10-07","Accounts & Balances","tests/account.spec.ts","",""
"","8439","TC-RLN-005 - Down Payment Exceeds Balance","mobile-chrome","2026-10-07","passed","2026-10-07","Loan Request Tests","tests/loanRequest.spec.ts","",""
"","6589","TC-RLN-009 - Down Payment Zero","firefox","2026-10-07","passed","2026-10-07","Loan Request Tests","tests/loanRequest.spec.ts","",""
"","14346","TC-OAC-008 - Verify Multiple Accounts Visible @regression","chromium","2026-10-07","passed","2026-10-07","Accounts & Balances","tests/account.spec.ts","",""
"","539","TC_API_035 - Verify Transactions Root Tag Exists","mobile-chrome","2026-10-07","passed","2026-10-07","Transaction APIs","API/tests/transaction.api.spec.ts","",""
"","540","TC_API_034 - Verify Content Type Header","webkit","2026-10-07","passed","2026-10-07","Transaction APIs","API/tests/transaction.api.spec.ts","",""
"","8143","TC-BPY-006 - Verify bill payment with minimum amount 0.01","mobile-chrome","2026-10-07","passed","2026-10-07","Bill Payment Tests","tests/billpay.spec.ts","",""
"","10127","TC-OAC-002 - Open SAVINGS Account @regression","mobile-chrome","2026-10-07","passed","2026-10-07","Accounts & Balances","tests/account.spec.ts","",""
"","563","TC_API_005 - Verify Content Type","chromium","2026-10-07","passed","2026-10-07","Account APIs","API/tests/account.api.spec.ts","",""
"","4","TC_NPD_01 - Settled Payment","firefox","2026-10-07","passed","2026-10-07","","tests/npp-payid.spec.ts","",""
"","7538","TC-BPY-001 - Pay bill with valid details","chromium","2026-10-07","passed","2026-10-07","Bill Payment Tests","tests/billpay.spec.ts","",""
"","530","TC_API_027 - Verify Transaction Response Time","mobile-chrome","2026-10-07","passed","2026-10-07","Transaction APIs","API/tests/transaction.api.spec.ts","",""
"","3871","TC-LGN-003 - Blank Username @smoke @regression","chromium","2026-10-07","passed","2026-10-07","Login Module","tests/login.spec.ts","",""
"","8750","TC-RLN-002 - Verify Loan Account Visible In Overview","mobile-chrome","2026-10-07","passed","2026-10-07","Loan Request Tests","tests/loanRequest.spec.ts","",""
"","541","TC_API_018 - Verify Customer XML Structure","webkit","2026-10-07","passed","2026-10-07","Customer APIs","API/tests/customer.api.spec.ts","",""
"","6483","TC_MV_05 - Mobile Logout","mobile-chrome","2026-10-07","passed","2026-10-07","","tests/mobile.smoke.spec.ts","",""
"","6863","TC-AOV-001 - Accounts Overview - Valid Flow @regression","webkit","2026-10-07","passed","2026-10-07","Login Module","tests/login.spec.ts","",""
"","9911","TC-OAC-002 - Open SAVINGS Account @regression","chromium","2026-10-07","passed","2026-10-07","Accounts & Balances","tests/account.spec.ts","",""
"","14563","TC-OAC-001- Open CHECKING Account @smoke","mobile-chrome","2026-10-07","passed","2026-10-07","Accounts & Balances","tests/account.spec.ts","",""
"","8905","TC-TRF-017 - Verify Transfer Funds URL @regression","firefox","2026-10-07","passed","2026-10-07","Fund Transfers","tests/transferFunds.spec.ts","",""
"","8836","TC-OAC-010 - Open New Savings Account","mobile-chrome","2026-10-07","passed","2026-10-07","Accounts & Balances","tests/account.spec.ts","",""
"","3","TC_NPD_02 - Failed Payment","mobile-chrome","2026-10-07","passed","2026-10-07","","tests/npp-payid.spec.ts","",""
"","8052","TC-RLN-001 - Request Loan With Valid Details @smoke","chromium","2026-10-07","passed","2026-10-07","Loan Request Tests","tests/loanRequest.spec.ts","",""
"","6756","TC_A11Y_03 - Transfer Funds Accessibility","chromium","2026-10-07","passed","2026-10-07","Accessibility Tests","tests/accessibility.spec.ts","",""
"","12278","TC-FTX-002 - Search Transaction By Date @regression","chromium","2026-10-07","passed","2026-10-07","Transaction Search & Statement Reconciliation","tests/findTransactions.spec.ts","",""
"","8260","TC-RLN-009 - Down Payment Zero","webkit","2026-10-07","passed","2026-10-07","Loan Request Tests","tests/loanRequest.spec.ts","",""
"","5676","TC-REG-007 - Registration - Data Persistence @regression","firefox","2026-10-07","passed","2026-10-07","Registration Tests","tests/registration.spec.ts","",""
"","536","TC_API_042 - Verify Balance Information Exists","mobile-chrome","2026-10-07","passed","2026-10-07","Transaction APIs","API/tests/transaction.api.spec.ts","",""
"","5","TC_NPD_01 - Settled Payment","chromium","2026-10-07","passed","2026-10-07","","tests/npp-payid.spec.ts","",""
"","551","TC_API_036 - Verify Transaction Count Greater Than Zero","firefox","2026-10-07","passed","2026-10-07","Transaction APIs","API/tests/transaction.api.spec.ts","",""
"","10022","TC-TRF-002 - Verify Transfer Success Message","mobile-chrome","2026-10-07","passed","2026-10-07","Fund Transfers","tests/transferFunds.spec.ts","",""
"","11103","TC-OAC-005 - Verify Source Account Balance Reduced @regression","mobile-chrome","2026-10-07","passed","2026-10-07","Accounts & Balances","tests/account.spec.ts","",""
"","531","TC_API_030 - Verify Response Is Not Empty","chromium","2026-10-07","passed","2026-10-07","Transaction APIs","API/tests/transaction.api.spec.ts","",""
"","8464","TC-OAC-011 - Open New Checking Account","firefox","2026-10-07","passed","2026-10-07","Accounts & Balances","tests/account.spec.ts","",""
"","533","TC_API_038 - Verify Status Code Is 200","firefox","2026-10-07","passed","2026-10-07","Transaction APIs","API/tests/transaction.api.spec.ts","",""
"","3265","TC-REG-002- Registration Mandatory Field Validation @regression","webkit","2026-10-07","passed","2026-10-07","Registration Tests","tests/registration.spec.ts","",""
"","5725","TC_MV_01 - Mobile Login","webkit","2026-10-07","passed","2026-10-07","","tests/mobile.smoke.spec.ts","",""
"","13","TC_NPD_01 - Settled Payment","webkit","2026-10-07","passed","2026-10-07","","tests/npp-payid.spec.ts","",""
"","9308","TC-TRF-010 - Verify Amount Field Is Enabled @regression","firefox","2026-10-07","passed","2026-10-07","Fund Transfers","tests/transferFunds.spec.ts","",""
"","13536","TC-FTX-003 - Search Transaction By Date Range @regression","mobile-chrome","2026-10-07","passed","2026-10-07","Transaction Search & Statement Reconciliation","tests/findTransactions.spec.ts","",""
"","9078","TC-AOV-002 - Accounts Overview - Logout Functionality @regression","mobile-chrome","2026-10-07","passed","2026-10-07","Login Module","tests/login.spec.ts","",""
"","539","TC_API_011 - Empty Account ID","webkit","2026-10-07","passed","2026-10-07","Account APIs","API/tests/account.api.spec.ts","",""
"","10010","TC-TRF-004 - Transfer Minimum Amount @regression","firefox","2026-10-07","passed","2026-10-07","Fund Transfers","tests/transferFunds.spec.ts","",""
"","5009","TC_NPD_03 - Timeout Payment","chromium","2026-10-07","passed","2026-10-07","","tests/npp-payid.spec.ts","",""
"","531","TC_API_026 - Verify Transaction Type Present","firefox","2026-10-07","passed","2026-10-07","Transaction APIs","API/tests/transaction.api.spec.ts","",""
"","549","TC_API_017 - Verify Customer Has Address Information","mobile-chrome","2026-10-07","passed","2026-10-07","Customer APIs","API/tests/customer.api.spec.ts","",""
"","7518","TC-RLN-001 - Request Loan With Valid Details @smoke","firefox","2026-10-07","passed","2026-10-07","Loan Request Tests","tests/loanRequest.spec.ts","",""
"","532","TC_API_039 - Verify Response Header Exists","chromium","2026-10-07","passed","2026-10-07","Transaction APIs","API/tests/transaction.api.spec.ts","",""
"","6389","TC_A11Y_03 - Transfer Funds Accessibility","webkit","2026-10-07","passed","2026-10-07","Accessibility Tests","tests/accessibility.spec.ts","",""
"","9252","TC-OAC-003 - Verify New Account ID Generated @regression","mobile-chrome","2026-10-07","passed","2026-10-07","Accounts & Balances","tests/account.spec.ts","",""
"","6010","TC-BPY-004 - Verify amount cannot be blank","firefox","2026-10-07","passed","2026-10-07","Bill Payment Tests","tests/billpay.spec.ts","",""
"","8904","TC-REG-006 - Registration - Multi Session Behavior","webkit","2026-10-07","passed","2026-10-07","Registration Tests","tests/registration.spec.ts","",""
"","6439","TC-BPY-004 - Verify amount cannot be blank","webkit","2026-10-07","passed","2026-10-07","Bill Payment Tests","tests/billpay.spec.ts","",""
"","551","TC_API_023 - Get Account Transactions","chromium","2026-10-07","passed","2026-10-07","Transaction APIs","API/tests/transaction.api.spec.ts","",""
"","553","TC_API_028 - Invalid Transaction ID","firefox","2026-10-07","passed","2026-10-07","Transaction APIs","API/tests/transaction.api.spec.ts","",""
"","6036","TC_A11Y_02 - Accounts Overview Accessibility","mobile-chrome","2026-10-07","passed","2026-10-07","Accessibility Tests","tests/accessibility.spec.ts","",""
"","546","TC_API_037 - Verify Valid Account Returns Success","webkit","2026-10-07","passed","2026-10-07","Transaction APIs","API/tests/transaction.api.spec.ts","",""
"","8713","TC-OAC-010 - Open New Savings Account","chromium","2026-10-07","passed","2026-10-07","Accounts & Balances","tests/account.spec.ts","",""
"","3662","TC-LGN-002 - Invalid Login @smoke @regression","webkit","2026-10-07","passed","2026-10-07","Login Module","tests/login.spec.ts","",""
"","10562","TC-TRF-002 - Verify Transfer Success Message","firefox","2026-10-07","passed","2026-10-07","Fund Transfers","tests/transferFunds.spec.ts","",""
"","7119","TC-BPY-002 - Verify Payee Name is mandatory","chromium","2026-10-07","passed","2026-10-07","Bill Payment Tests","tests/billpay.spec.ts","",""
"","8288","TC-TRF-013 - Verify Transfer Button Is Enabled @regression","webkit","2026-10-07","passed","2026-10-07","Fund Transfers","tests/transferFunds.spec.ts","",""
"","545","TC_API_020 - Invalid Customer ID","webkit","2026-10-07","passed","2026-10-07","Customer APIs","API/tests/customer.api.spec.ts","",""
"","9027","TC-RLN-004 - Apply Multiple Loans","webkit","2026-10-07","passed","2026-10-07","Loan Request Tests","tests/loanRequest.spec.ts","",""
"","10519","TC-OAC-014 - Create Two Savings Accounts Sequentially","firefox","2026-10-07","passed","2026-10-07","Accounts & Balances","tests/account.spec.ts","",""
"","3062","TC-LGN-004 - Blank Password @smoke @regression","mobile-chrome","2026-10-07","passed","2026-10-07","Login Module","tests/login.spec.ts","",""
"","10319","TC-TRF-009 - Verify Transfer Success Message @regression","firefox","2026-10-07","passed","2026-10-07","Fund Transfers","tests/transferFunds.spec.ts","",""
"","2980","TC-LGN-004 - Blank Password @smoke @regression","webkit","2026-10-07","passed","2026-10-07","Login Module","tests/login.spec.ts","",""
"","631","TC_API_012 - Verify XML Schema Structure","firefox","2026-10-07","passed","2026-10-07","Account APIs","API/tests/account.api.spec.ts","",""
"","525","TC_API_041 - Verify Transaction Tag Count","chromium","2026-10-07","passed","2026-10-07","Transaction APIs","API/tests/transaction.api.spec.ts","",""
"","8799","TC-RLN-003 - Verify Loan Account Generated","chromium","2026-10-07","passed","2026-10-07","Loan Request Tests","tests/loanRequest.spec.ts","",""
"","549","TC_API_030 - Verify Response Is Not Empty","webkit","2026-10-07","passed","2026-10-07","Transaction APIs","API/tests/transaction.api.spec.ts","",""
"","535","TC_API_036 - Verify Transaction Count Greater Than Zero","mobile-chrome","2026-10-07","passed","2026-10-07","Transaction APIs","API/tests/transaction.api.spec.ts","",""
"","14868","TC-TRF-003 - Verify Source Account Balance Debited","chromium","2026-10-07","passed","2026-10-07","Fund Transfers","tests/transferFunds.spec.ts","",""
"","8278","TC-TRF-014 - Verify Amount Field Is Empty By Default @regression","webkit","2026-10-07","passed","2026-10-07","Fund Transfers","tests/transferFunds.spec.ts","",""
"","10719","TC-OAC-007 - Open Two SAVINGS Accounts @regression","mobile-chrome","2026-10-07","passed","2026-10-07","Accounts & Balances","tests/account.spec.ts","",""
"","539","TC_API_042 - Verify Balance Information Exists","firefox","2026-10-07","passed","2026-10-07","Transaction APIs","API/tests/transaction.api.spec.ts","",""
"","6224","TC-REG-008 - Registration - End-to-End Integration @regression","webkit","2026-10-07","passed","2026-10-07","Registration Tests","tests/registration.spec.ts","",""
"","7003","TC-RLN-006 - Blank Loan Amount","webkit","2026-10-07","passed","2026-10-07","Loan Request Tests","tests/loanRequest.spec.ts","",""
"","3431","TC-REG-005 - Registration - Refresh/Back Browser @regression","chromium","2026-10-07","passed","2026-10-07","Registration Tests","tests/registration.spec.ts","",""
"","13863","TC-OAC-008 - Verify Multiple Accounts Visible @regression","webkit","2026-10-07","passed","2026-10-07","Accounts & Balances","tests/account.spec.ts","",""
"","3903","TC-LGN-006 - Login - Boundary Value Check @regression","chromium","2026-10-07","passed","2026-10-07","Login Module","tests/login.spec.ts","",""
"","11601","TC-FTX-001 - Search Transaction By ID @smoke","webkit","2026-10-07","passed","2026-10-07","Transaction Search & Statement Reconciliation","tests/findTransactions.spec.ts","",""
"","538","TC_API_009 - Non Numeric Account ID","webkit","2026-10-07","passed","2026-10-07","Account APIs","API/tests/account.api.spec.ts","",""
"","541","TC_API_002 - Verify Account ID Matches Request","webkit","2026-10-07","passed","2026-10-07","Account APIs","API/tests/account.api.spec.ts","",""
"","556","TC_API_010 - Negative Account ID","chromium","2026-10-07","passed","2026-10-07","Account APIs","API/tests/account.api.spec.ts","",""
"","546","TC_API_002 - Verify Account ID Matches Request","chromium","2026-10-07","passed","2026-10-07","Account APIs","API/tests/account.api.spec.ts","",""
"","6411","TC_MV_05 - Mobile Logout","webkit","2026-10-07","passed","2026-10-07","","tests/mobile.smoke.spec.ts","",""
"","530","TC_API_041 - Verify Transaction Tag Count","firefox","2026-10-07","passed","2026-10-07","Transaction APIs","API/tests/transaction.api.spec.ts","",""
"","12370","TC-LGN-008 - Login - Duplicate Request/Data @regression","mobile-chrome","2026-10-07","failed","2026-10-07","Login Module","tests/login.spec.ts","",""
"","9629","TC-OAC-004 - Verify Account Appears In Overview @regression","webkit","2026-10-07","passed","2026-10-07","Accounts & Balances","tests/account.spec.ts","",""
"","11670","TC-OAC-009 - Verify Account ID Uniqueness @regression","webkit","2026-10-07","passed","2026-10-07","Accounts & Balances","tests/account.spec.ts","",""
"","7941","TC-TRF-011 - Verify From Account Dropdown Is Enabled @regression","webkit","2026-10-07","passed","2026-10-07","Fund Transfers","tests/transferFunds.spec.ts","",""
"","7140","TC-AOV-001 - Accounts Overview - Valid Flow @regression","chromium","2026-10-07","passed","2026-10-07","Login Module","tests/login.spec.ts","",""
"","529","TC_API_015 - Verify First Name Exists","firefox","2026-10-07","passed","2026-10-07","Customer APIs","API/tests/customer.api.spec.ts","",""
"","10471","TC-OAC-017 - Verify Newly Created Account Appears In Accounts Overview","chromium","2026-10-07","passed","2026-10-07","Accounts & Balances","tests/account.spec.ts","",""
"","541","TC_API_021 - Non Numeric Customer ID","webkit","2026-10-07","passed","2026-10-07","Customer APIs","API/tests/customer.api.spec.ts","",""
"","10786","TC-TRF-004 - Transfer Minimum Amount @regression","mobile-chrome","2026-10-07","passed","2026-10-07","Fund Transfers","tests/transferFunds.spec.ts","",""
"","12671","TC-FTX-015 - Execute Multiple Searches Sequentially @regression","mobile-chrome","2026-10-07","passed","2026-10-07","Transaction Search & Statement Reconciliation","tests/findTransactions.spec.ts","",""
"","531","TC_API_021 - Non Numeric Customer ID","mobile-chrome","2026-10-07","passed","2026-10-07","Customer APIs","API/tests/customer.api.spec.ts","",""
"","8127","TC-RLN-013 - Non Numeric Down Payment","firefox","2026-10-07","passed","2026-10-07","Loan Request Tests","tests/loanRequest.spec.ts","",""
"","7425","TC-RLN-011 - Negative Down Payment","mobile-chrome","2026-10-07","passed","2026-10-07","Loan Request Tests","tests/loanRequest.spec.ts","",""
"","9301","TC-OAC-011 - Open New Checking Account","webkit","2026-10-07","passed","2026-10-07","Accounts & Balances","tests/account.spec.ts","",""
"","552","TC_API_006 - Verify Response Time","chromium","2026-10-07","passed","2026-10-07","Account APIs","API/tests/account.api.spec.ts","",""
"","539","TC_API_033 - Verify Description Present","mobile-chrome","2026-10-07","passed","2026-10-07","Transaction APIs","API/tests/transaction.api.spec.ts","",""
"","12504","TC-FTX-013 - Verify Newest First Ordering @regression","mobile-chrome","2026-10-07","passed","2026-10-07","Transaction Search & Statement Reconciliation","tests/findTransactions.spec.ts","",""
"","11671","TC-FTX-007 - End Date Less Than Start Date @regression","chromium","2026-10-07","passed","2026-10-07","Transaction Search & Statement Reconciliation","tests/findTransactions.spec.ts","",""
"","3530","TC-REG-001- Registration - Valid flow @smoke @regression","firefox","2026-10-07","passed","2026-10-07","Registration Tests","tests/registration.spec.ts","",""
"","3495","TC-REG-002- Registration Mandatory Field Validation @regression","chromium","2026-10-07","passed","2026-10-07","Registration Tests","tests/registration.spec.ts","",""
"","8548","TC-TRF-012 - Verify To Account Dropdown Is Enabled @regression","chromium","2026-10-07","passed","2026-10-07","Fund Transfers","tests/transferFunds.spec.ts","",""
"","8402","TC-RLN-002 - Verify Loan Account Visible In Overview","webkit","2026-10-07","passed","2026-10-07","Loan Request Tests","tests/loanRequest.spec.ts","",""
"","2937","TC-LGN-003 - Blank Username @smoke @regression","firefox","2026-10-07","passed","2026-10-07","Login Module","tests/login.spec.ts","",""
"","7108","TC-AOV-001 - Accounts Overview - Valid Flow @regression","firefox","2026-10-07","passed","2026-10-07","Login Module","tests/login.spec.ts","",""
"","14793","TC-FTX-014 - Reconcile Transaction Data Display @regression","mobile-chrome","2026-10-07","passed","2026-10-07","Transaction Search & Statement Reconciliation","tests/findTransactions.spec.ts","",""
"","539","TC_API_002 - Verify Account ID Matches Request","firefox","2026-10-07","passed","2026-10-07","Account APIs","API/tests/account.api.spec.ts","",""
"","540","TC_API_007 - Verify Required Fields Present","chromium","2026-10-07","passed","2026-10-07","Account APIs","API/tests/account.api.spec.ts","",""
"","9478","TC-REG-006 - Registration - Multi Session Behavior","mobile-chrome","2026-10-07","passed","2026-10-07","Registration Tests","tests/registration.spec.ts","",""
"","7250","TC-REG-008 - Registration - End-to-End Integration @regression","firefox","2026-10-07","passed","2026-10-07","Registration Tests","tests/registration.spec.ts","",""
"","540","TC_API_014 - Verify Customer ID Matches Request","mobile-chrome","2026-10-07","passed","2026-10-07","Customer APIs","API/tests/customer.api.spec.ts","",""
"","7537","TC-RLN-010 - Negative Loan Amount","chromium","2026-10-07","passed","2026-10-07","Loan Request Tests","tests/loanRequest.spec.ts","",""
"","8276","TC-TRF-012 - Verify To Account Dropdown Is Enabled @regression","mobile-chrome","2026-10-07","passed","2026-10-07","Fund Transfers","tests/transferFunds.spec.ts","",""
"","551","TC_API_003 - Verify Balance Exists","firefox","2026-10-07","passed","2026-10-07","Account APIs","API/tests/account.api.spec.ts","",""
"","8959","TC-TRF-016 - Verify User Can Clear Amount Field @regression","chromium","2026-10-07","passed","2026-10-07","Fund Transfers","tests/transferFunds.spec.ts","",""
"","8355","TC-AOV-002 - Accounts Overview - Logout Functionality @regression","webkit","2026-10-07","passed","2026-10-07","Login Module","tests/login.spec.ts","",""
"","10218","TC-TRF-001 - Transfer Funds Between Own Accounts @smoke","chromium","2026-10-07","passed","2026-10-07","Fund Transfers","tests/transferFunds.spec.ts","",""
"","7556","TC_MV_03 - Mobile Open New Account","firefox","2026-10-07","passed","2026-10-07","","tests/mobile.smoke.spec.ts","",""
"","8411","TC-TRF-014 - Verify Amount Field Is Empty By Default @regression","firefox","2026-10-07","passed","2026-10-07","Fund Transfers","tests/transferFunds.spec.ts","",""
"","547","TC_API_025 - Verify Transaction Amount Present","webkit","2026-10-07","passed","2026-10-07","Transaction APIs","API/tests/transaction.api.spec.ts","",""
"","11395","TC-FTX-004 - Search Transaction By Amount @regression","webkit","2026-10-07","passed","2026-10-07","Transaction Search & Statement Reconciliation","tests/findTransactions.spec.ts","",""
"","528","TC_API_022 - Empty Customer ID","chromium","2026-10-07","passed","2026-10-07","Customer APIs","API/tests/customer.api.spec.ts","",""
"","6302","TC-BPY-002 - Verify Payee Name is mandatory","webkit","2026-10-07","passed","2026-10-07","Bill Payment Tests","tests/billpay.spec.ts","",""
"","12617","TC-LGN-010 - Login - Multi-session Behavior @regression","webkit","2026-10-07","passed","2026-10-07","Login Module","tests/login.spec.ts","",""
"","11731","TC-OAC-007 - Open Two SAVINGS Accounts @regression","firefox","2026-10-07","passed","2026-10-07","Accounts & Balances","tests/account.spec.ts","",""
"","589","TC_API_015 - Verify First Name Exists","webkit","2026-10-07","passed","2026-10-07","Customer APIs","API/tests/customer.api.spec.ts","",""
"","3296","TC-REG-003- Registration - Invalid data handling-Password Mismatch @regression","webkit","2026-10-07","passed","2026-10-07","Registration Tests","tests/registration.spec.ts","",""
"","7927","TC-RLN-010 - Negative Loan Amount","webkit","2026-10-07","passed","2026-10-07","Loan Request Tests","tests/loanRequest.spec.ts","",""
"","9960","TC-TRF-008 - Transfer Between Different Accounts @regression","chromium","2026-10-07","passed","2026-10-07","Fund Transfers","tests/transferFunds.spec.ts","",""
"","527","TC_API_022 - Empty Customer ID","firefox","2026-10-07","passed","2026-10-07","Customer APIs","API/tests/customer.api.spec.ts","",""
"","9875","TC-OAC-002 - Open SAVINGS Account @regression","webkit","2026-10-07","passed","2026-10-07","Accounts & Balances","tests/account.spec.ts","",""
"","14261","TC-TRF-003 - Verify Source Account Balance Debited","webkit","2026-10-07","passed","2026-10-07","Fund Transfers","tests/transferFunds.spec.ts","",""
"","7327","TC-OAC-013 - Verify Account Type Dropdown Values","chromium","2026-10-07","passed","2026-10-07","Accounts & Balances","tests/account.spec.ts","",""
"","528","TC_API_042 - Verify Balance Information Exists","chromium","2026-10-07","passed","2026-10-07","Transaction APIs","API/tests/transaction.api.spec.ts","",""
"","534","TC_API_020 - Invalid Customer ID","mobile-chrome","2026-10-07","passed","2026-10-07","Customer APIs","API/tests/customer.api.spec.ts","",""
"","4109","TC-REG-005 - Registration - Refresh/Back Browser @regression","firefox","2026-10-07","passed","2026-10-07","Registration Tests","tests/registration.spec.ts","",""
"","3032","TC-LGN-002 - Invalid Login @smoke @regression","mobile-chrome","2026-10-07","passed","2026-10-07","Login Module","tests/login.spec.ts","",""
"","5800","TC-REG-004 - Registration - Duplicate Username @regression","mobile-chrome","2026-10-07","passed","2026-10-07","Registration Tests","tests/registration.spec.ts","",""
"","532","TC_API_008 - Invalid Account ID","chromium","2026-10-07","passed","2026-10-07","Account APIs","API/tests/account.api.spec.ts","",""
"","9732","TC-TRF-008 - Transfer Between Different Accounts @regression","webkit","2026-10-07","passed","2026-10-07","Fund Transfers","tests/transferFunds.spec.ts","",""
"","532","TC_API_037 - Verify Valid Account Returns Success","chromium","2026-10-07","passed","2026-10-07","Transaction APIs","API/tests/transaction.api.spec.ts","",""
"","9136","TC-BPY-010 - Pay same biller twice in one session","mobile-chrome","2026-10-07","passed","2026-10-07","Bill Payment Tests","tests/billpay.spec.ts","",""
"","7420","TC-BPY-004 - Verify amount cannot be blank","mobile-chrome","2026-10-07","passed","2026-10-07","Bill Payment Tests","tests/billpay.spec.ts","",""
"","8037","TC-RLN-001 - Request Loan With Valid Details @smoke","mobile-chrome","2026-10-07","passed","2026-10-07","Loan Request Tests","tests/loanRequest.spec.ts","",""
"","8558","TC-RLN-002 - Verify Loan Account Visible In Overview","chromium","2026-10-07","passed","2026-10-07","Loan Request Tests","tests/loanRequest.spec.ts","",""
"","6098","TC_A11Y_02 - Accounts Overview Accessibility","firefox","2026-10-07","passed","2026-10-07","Accessibility Tests","tests/accessibility.spec.ts","",""
"","547","TC_API_025 - Verify Transaction Amount Present","firefox","2026-10-07","passed","2026-10-07","Transaction APIs","API/tests/transaction.api.spec.ts","",""
"","7221","TC-RLN-008 - Loan Amount Zero","webkit","2026-10-07","passed","2026-10-07","Loan Request Tests","tests/loanRequest.spec.ts","",""
"","12939","TC-FTX-006 - Date Range Start Equals End @regression","chromium","2026-10-07","passed","2026-10-07","Transaction Search & Statement Reconciliation","tests/findTransactions.spec.ts","",""
"","8534","TC-TRF-007 - Verify Transfer Page UI @regression","mobile-chrome","2026-10-07","passed","2026-10-07","Fund Transfers","tests/transferFunds.spec.ts","",""
"","12909","TC-FTX-013 - Verify Newest First Ordering @regression","chromium","2026-10-07","passed","2026-10-07","Transaction Search & Statement Reconciliation","tests/findTransactions.spec.ts","",""
"","557","TC_API_036 - Verify Transaction Count Greater Than Zero","webkit","2026-10-07","passed","2026-10-07","Transaction APIs","API/tests/transaction.api.spec.ts","",""
"","527","TC_API_028 - Invalid Transaction ID","chromium","2026-10-07","passed","2026-10-07","Transaction APIs","API/tests/transaction.api.spec.ts","",""
"","535","TC_API_022 - Empty Customer ID","mobile-chrome","2026-10-07","passed","2026-10-07","Customer APIs","API/tests/customer.api.spec.ts","",""
"","534","TC_API_035 - Verify Transactions Root Tag Exists","chromium","2026-10-07","passed","2026-10-07","Transaction APIs","API/tests/transaction.api.spec.ts","",""
"","7984","TC-TRF-012 - Verify To Account Dropdown Is Enabled @regression","firefox","2026-10-07","passed","2026-10-07","Fund Transfers","tests/transferFunds.spec.ts","",""
"","6015","TC_A11Y_02 - Accounts Overview Accessibility","chromium","2026-10-07","passed","2026-10-07","Accessibility Tests","tests/accessibility.spec.ts","",""
"","542","TC_API_016 - Verify Last Name Exists","mobile-chrome","2026-10-07","passed","2026-10-07","Customer APIs","API/tests/customer.api.spec.ts","",""
"","9013","TC-LGN-007 - Login - Special Characters Validation @regression","chromium","2026-10-07","passed","2026-10-07","Login Module","tests/login.spec.ts","",""
"","10793","TC-OAC-016 - Open Savings Then Checking Account","chromium","2026-10-07","passed","2026-10-07","Accounts & Balances","tests/account.spec.ts","",""
"","4382","TC-REG-003- Registration - Invalid data handling-Password Mismatch @regression","mobile-chrome","2026-10-07","passed","2026-10-07","Registration Tests","tests/registration.spec.ts","",""
"","9842","TC-OAC-004 - Verify Account Appears In Overview @regression","firefox","2026-10-07","passed","2026-10-07","Accounts & Balances","tests/account.spec.ts","",""
"","9933","TC-TRF-009 - Verify Transfer Success Message @regression","chromium","2026-10-07","passed","2026-10-07","Fund Transfers","tests/transferFunds.spec.ts","",""
"","538","TC_API_041 - Verify Transaction Tag Count","mobile-chrome","2026-10-07","passed","2026-10-07","Transaction APIs","API/tests/transaction.api.spec.ts","",""
"","8973","TC-OAC-011 - Open New Checking Account","mobile-chrome","2026-10-07","passed","2026-10-07","Accounts & Balances","tests/account.spec.ts","",""
"","11129","TC-FTX-010 - Verify Find Transaction Page UI @regression","webkit","2026-10-07","passed","2026-10-07","Transaction Search & Statement Reconciliation","tests/findTransactions.spec.ts","",""
"","14113","TC-OAC-008 - Verify Multiple Accounts Visible @regression","firefox","2026-10-07","passed","2026-10-07","Accounts & Balances","tests/account.spec.ts","",""
"","9796","TC-OAC-002 - Open SAVINGS Account @regression","firefox","2026-10-07","passed","2026-10-07","Accounts & Balances","tests/account.spec.ts","",""
"","9391","TC-TRF-006 - Verify Amount Field Mandatory @regression","firefox","2026-10-07","passed","2026-10-07","Fund Transfers","tests/transferFunds.spec.ts","",""
"","11013","TC-FTX-005 - Search Amount With No Results @regression","webkit","2026-10-07","passed","2026-10-07","Transaction Search & Statement Reconciliation","tests/findTransactions.spec.ts","",""
"","544","TC_API_037 - Verify Valid Account Returns Success","firefox","2026-10-07","passed","2026-10-07","Transaction APIs","API/tests/transaction.api.spec.ts","",""
"","7737","TC-RLN-009 - Down Payment Zero","chromium","2026-10-07","passed","2026-10-07","Loan Request Tests","tests/loanRequest.spec.ts","",""
"","561","TC_API_019 - Verify Customer Response Time","webkit","2026-10-07","passed","2026-10-07","Customer APIs","API/tests/customer.api.spec.ts","",""
"","9584","TC-TRF-002 - Verify Transfer Success Message","webkit","2026-10-07","passed","2026-10-07","Fund Transfers","tests/transferFunds.spec.ts","",""
"","10702","TC-BPY-011 - Pay multiple billers in one session","firefox","2026-10-07","passed","2026-10-07","Bill Payment Tests","tests/billpay.spec.ts","",""
"","8996","TC-TRF-018- Verify Amount Field Visible @regression","chromium","2026-10-07","passed","2026-10-07","Fund Transfers","tests/transferFunds.spec.ts","",""
"","7549","TC-RLN-001 - Request Loan With Valid Details @smoke","webkit","2026-10-07","passed","2026-10-07","Loan Request Tests","tests/loanRequest.spec.ts","",""
"","7072","TC-RLN-006 - Blank Loan Amount","firefox","2026-10-07","passed","2026-10-07","Loan Request Tests","tests/loanRequest.spec.ts","",""
"","9332","TC-TRF-014 - Verify Amount Field Is Empty By Default @regression","mobile-chrome","2026-10-07","passed","2026-10-07","Fund Transfers","tests/transferFunds.spec.ts","",""
"","6763","TC-RLN-007- Blank Down Payment","firefox","2026-10-07","passed","2026-10-07","Loan Request Tests","tests/loanRequest.spec.ts","",""
"","532","TC_API_012 - Verify XML Schema Structure","chromium","2026-10-07","passed","2026-10-07","Account APIs","API/tests/account.api.spec.ts","",""
"","727","TC_API_031 - Verify Transaction ID Present","firefox","2026-10-07","passed","2026-10-07","Transaction APIs","API/tests/transaction.api.spec.ts","",""
"","546","TC_API_039 - Verify Response Header Exists","firefox","2026-10-07","passed","2026-10-07","Transaction APIs","API/tests/transaction.api.spec.ts","",""
"","7567","TC-RLN-003 - Verify Loan Account Generated","webkit","2026-10-07","passed","2026-10-07","Loan Request Tests","tests/loanRequest.spec.ts","",""
"","552","TC_API_012 - Verify XML Schema Structure","webkit","2026-10-07","passed","2026-10-07","Account APIs","API/tests/account.api.spec.ts","",""
"","7270","TC-RLN-013 - Non Numeric Down Payment","webkit","2026-10-07","passed","2026-10-07","Loan Request Tests","tests/loanRequest.spec.ts","",""
"","540","TC_API_040 - Verify Response Contains Account ID","webkit","2026-10-07","passed","2026-10-07","Transaction APIs","API/tests/transaction.api.spec.ts","",""
"","9057","TC-OAC-010 - Open New Savings Account","webkit","2026-10-07","passed","2026-10-07","Accounts & Balances","tests/account.spec.ts","",""
"","544","TC_API_032 - Verify Transaction Date Present","webkit","2026-10-07","passed","2026-10-07","Transaction APIs","API/tests/transaction.api.spec.ts","",""
"","8051","TC-RLN-014 - Down Payment Equals Loan Amount","mobile-chrome","2026-10-07","passed","2026-10-07","Loan Request Tests","tests/loanRequest.spec.ts","",""
"","527","TC_API_009 - Non Numeric Account ID","chromium","2026-10-07","passed","2026-10-07","Account APIs","API/tests/account.api.spec.ts","",""
"","9082","TC-BPY-005 - Pay same biller twice in one session","mobile-chrome","2026-10-07","passed","2026-10-07","Bill Payment Tests","tests/billpay.spec.ts","",""
"","10303","TC-OAC-001- Open CHECKING Account @smoke","webkit","2026-10-07","passed","2026-10-07","Accounts & Balances","tests/account.spec.ts","",""
"","555","TC_API_015 - Verify First Name Exists","chromium","2026-10-07","passed","2026-10-07","Customer APIs","API/tests/customer.api.spec.ts","",""
"","5537","TC_MV_04 - Mobile Bill Pay","webkit","2026-10-07","passed","2026-10-07","","tests/mobile.smoke.spec.ts","",""
"","3369","TC-REG-003- Registration - Invalid data handling-Password Mismatch @regression","chromium","2026-10-07","passed","2026-10-07","Registration Tests","tests/registration.spec.ts","",""
"","10269","TC-OAC-017 - Verify Newly Created Account Appears In Accounts Overview","firefox","2026-10-07","passed","2026-10-07","Accounts & Balances","tests/account.spec.ts","",""
"","12844","TC-FTX-008 - Invalid Date Format @regression","firefox","2026-10-07","passed","2026-10-07","Transaction Search & Statement Reconciliation","tests/findTransactions.spec.ts","",""
"","7390","TC-LGN-009 - Login - Refresh Browser @regression","mobile-chrome","2026-10-07","passed","2026-10-07","Login Module","tests/login.spec.ts","",""
"","8758","TC-LGN-001 - Login - Valid Flow @smoke @regression","chromium","2026-10-07","passed","2026-10-07","Login Module","tests/login.spec.ts","",""
"","8003","TC_MV_03 - Mobile Open New Account","chromium","2026-10-07","passed","2026-10-07","","tests/mobile.smoke.spec.ts","",""
"","3511","TC-REG-002- Registration Mandatory Field Validation @regression","firefox","2026-10-07","passed","2026-10-07","Registration Tests","tests/registration.spec.ts","",""
"","544","TC_API_017 - Verify Customer Has Address Information","webkit","2026-10-07","passed","2026-10-07","Customer APIs","API/tests/customer.api.spec.ts","",""
"","7584","TC-LGN-001 - Login - Valid Flow @smoke @regression","mobile-chrome","2026-10-07","passed","2026-10-07","Login Module","tests/login.spec.ts","",""
"","545","TC_API_005 - Verify Content Type","webkit","2026-10-07","passed","2026-10-07","Account APIs","API/tests/account.api.spec.ts","",""
"","541","TC_API_007 - Verify Required Fields Present","webkit","2026-10-07","passed","2026-10-07","Account APIs","API/tests/account.api.spec.ts","",""
"","11835","TC-FTX-007 - End Date Less Than Start Date @regression","webkit","2026-10-07","passed","2026-10-07","Transaction Search & Statement Reconciliation","tests/findTransactions.spec.ts","",""
"","609","TC_API_022 - Empty Customer ID","webkit","2026-10-07","passed","2026-10-07","Customer APIs","API/tests/customer.api.spec.ts","",""
"","546","TC_API_018 - Verify Customer XML Structure","mobile-chrome","2026-10-07","passed","2026-10-07","Customer APIs","API/tests/customer.api.spec.ts","",""
"","15269","TC-FTX-014 - Reconcile Transaction Data Display @regression","firefox","2026-10-07","passed","2026-10-07","Transaction Search & Statement Reconciliation","tests/findTransactions.spec.ts","",""
"","545","TC_API_031 - Verify Transaction ID Present","mobile-chrome","2026-10-07","passed","2026-10-07","Transaction APIs","API/tests/transaction.api.spec.ts","",""
"","9373","TC-TRF-007 - Verify Transfer Page UI @regression","chromium","2026-10-07","passed","2026-10-07","Fund Transfers","tests/transferFunds.spec.ts","",""
"","10167","TC-TRF-002 - Verify Transfer Success Message","chromium","2026-10-07","passed","2026-10-07","Fund Transfers","tests/transferFunds.spec.ts","",""
"","9809","TC-BPY-005 - Pay same biller twice in one session","chromium","2026-10-07","passed","2026-10-07","Bill Payment Tests","tests/billpay.spec.ts","",""
"","532","TC_API_014 - Verify Customer ID Matches Request","chromium","2026-10-07","passed","2026-10-07","Customer APIs","API/tests/customer.api.spec.ts","",""
"","11842","TC009 - Future Date Search @regression","webkit","2026-10-07","passed","2026-10-07","Transaction Search & Statement Reconciliation","tests/findTransactions.spec.ts","",""
"","9021","TC-TRF-010 - Verify Amount Field Is Enabled @regression","chromium","2026-10-07","passed","2026-10-07","Fund Transfers","tests/transferFunds.spec.ts","",""
"","523","TC_API_029 - Non Numeric Transaction ID","firefox","2026-10-07","passed","2026-10-07","Transaction APIs","API/tests/transaction.api.spec.ts","",""
"","11678","TC-FTX-006 - Date Range Start Equals End @regression","firefox","2026-10-07","passed","2026-10-07","Transaction Search & Statement Reconciliation","tests/findTransactions.spec.ts","",""
"","576","TC_API_001 - Get Account Details","webkit","2026-10-07","passed","2026-10-07","Account APIs","API/tests/account.api.spec.ts","",""
"","11846","TC-FTX-012 - Verify Multiple Transactions Returned @regression","webkit","2026-10-07","passed","2026-10-07","Transaction Search & Statement Reconciliation","tests/findTransactions.spec.ts","",""
"","12485","TC-FTX-001 - Search Transaction By ID @smoke","mobile-chrome","2026-10-07","passed","2026-10-07","Transaction Search & Statement Reconciliation","tests/findTransactions.spec.ts","",""
"","538","TC_API_038 - Verify Status Code Is 200","mobile-chrome","2026-10-07","passed","2026-10-07","Transaction APIs","API/tests/transaction.api.spec.ts","",""
"","6929","TC-BPY-007 - Verify bill payment with amount 0","mobile-chrome","2026-10-07","passed","2026-10-07","Bill Payment Tests","tests/billpay.spec.ts","",""
"","9034","TC-BPY-010 - Pay same biller twice in one session","firefox","2026-10-07","passed","2026-10-07","Bill Payment Tests","tests/billpay.spec.ts","",""
"","8959","TC-TRF-010 - Verify Amount Field Is Enabled @regression","mobile-chrome","2026-10-07","passed","2026-10-07","Fund Transfers","tests/transferFunds.spec.ts","",""
"","7831","TC-TRF-005 - Verify Amount Field Accepts Numbers @regression","firefox","2026-10-07","passed","2026-10-07","Fund Transfers","tests/transferFunds.spec.ts","",""
"","8182","TC-RLN-008 - Loan Amount Zero","chromium","2026-10-07","passed","2026-10-07","Loan Request Tests","tests/loanRequest.spec.ts","",""
"","12239","TC-FTX-002 - Search Transaction By Date @regression","mobile-chrome","2026-10-07","passed","2026-10-07","Transaction Search & Statement Reconciliation","tests/findTransactions.spec.ts","",""
"","11440","TC-FTX-005 - Search Amount With No Results @regression","firefox","2026-10-07","passed","2026-10-07","Transaction Search & Statement Reconciliation","tests/findTransactions.spec.ts","",""
"","10584","TC-OAC-014 - Create Two Savings Accounts Sequentially","webkit","2026-10-07","passed","2026-10-07","Accounts & Balances","tests/account.spec.ts","",""
"","613","TC_API_001 - Get Account Details","mobile-chrome","2026-10-07","passed","2026-10-07","Account APIs","API/tests/account.api.spec.ts","",""
"","6119","TC-BPY-007 - Verify bill payment with amount 0","firefox","2026-10-07","passed","2026-10-07","Bill Payment Tests","tests/billpay.spec.ts","",""
"","7533","TC-RLN-005 - Down Payment Exceeds Balance","firefox","2026-10-07","passed","2026-10-07","Loan Request Tests","tests/loanRequest.spec.ts","",""
"","6654","TC-BPY-002 - Verify Payee Name is mandatory","mobile-chrome","2026-10-07","passed","2026-10-07","Bill Payment Tests","tests/billpay.spec.ts","",""
"","7653","TC-BPY-001 - Pay bill with valid details","mobile-chrome","2026-10-07","passed","2026-10-07","Bill Payment Tests","tests/billpay.spec.ts","",""
"","3","TC_NPD_02 - Failed Payment","chromium","2026-10-07","passed","2026-10-07","","tests/npp-payid.spec.ts","",""
"","7091","TC-RLN-010 - Negative Loan Amount","firefox","2026-10-07","passed","2026-10-07","Loan Request Tests","tests/loanRequest.spec.ts","",""
"","6376","TC-BPY-003 - Verify Account Number mismatch validation","webkit","2026-10-07","passed","2026-10-07","Bill Payment Tests","tests/billpay.spec.ts","",""
"","6507","TC-REG-007 - Registration - Data Persistence @regression","chromium","2026-10-07","passed","2026-10-07","Registration Tests","tests/registration.spec.ts","",""
"","8601","TC-TRF-011 - Verify From Account Dropdown Is Enabled @regression","mobile-chrome","2026-10-07","passed","2026-10-07","Fund Transfers","tests/transferFunds.spec.ts","",""
"","621","TC_API_014 - Verify Customer ID Matches Request","firefox","2026-10-07","passed","2026-10-07","Customer APIs","API/tests/customer.api.spec.ts","",""
"","536","TC_API_040 - Verify Response Contains Account ID","firefox","2026-10-07","passed","2026-10-07","Transaction APIs","API/tests/transaction.api.spec.ts","",""
"","66","TC_NPD_01 - Settled Payment","mobile-chrome","2026-10-07","passed","2026-10-07","","tests/npp-payid.spec.ts","",""
"","11992","TC-FTX-004 - Search Transaction By Amount @regression","firefox","2026-10-07","passed","2026-10-07","Transaction Search & Statement Reconciliation","tests/findTransactions.spec.ts","",""
"","11504","TC-FTX-010 - Verify Find Transaction Page UI @regression","mobile-chrome","2026-10-07","passed","2026-10-07","Transaction Search & Statement Reconciliation","tests/findTransactions.spec.ts","",""
"","12491","TC-FTX-008 - Invalid Date Format @regression","mobile-chrome","2026-10-07","passed","2026-10-07","Transaction Search & Statement Reconciliation","tests/findTransactions.spec.ts","",""
"","7639","TC-AOV-002 - Accounts Overview - Logout Functionality @regression","firefox","2026-10-07","passed","2026-10-07","Login Module","tests/login.spec.ts","",""
"","551","TC_API_010 - Negative Account ID","webkit","2026-10-07","passed","2026-10-07","Account APIs","API/tests/account.api.spec.ts","",""
"","9242","TC-RLN-004 - Apply Multiple Loans","chromium","2026-10-07","passed","2026-10-07","Loan Request Tests","tests/loanRequest.spec.ts","",""
"","2913","TC-LGN-006 - Login - Boundary Value Check @regression","webkit","2026-10-07","passed","2026-10-07","Login Module","tests/login.spec.ts","",""
"","529","TC_API_007 - Verify Required Fields Present","mobile-chrome","2026-10-07","passed","2026-10-07","Account APIs","API/tests/account.api.spec.ts","",""
"","38690","TC-OAC-015 - Verify Account Numbers Are Unique","mobile-chrome","2026-10-07","failed","2026-10-07","Accounts & Balances","tests/account.spec.ts","",""
"","548","TC_API_026 - Verify Transaction Type Present","webkit","2026-10-07","passed","2026-10-07","Transaction APIs","API/tests/transaction.api.spec.ts","",""
"","10062","TC-OAC-004 - Verify Account Appears In Overview @regression","mobile-chrome","2026-10-07","passed","2026-10-07","Accounts & Balances","tests/account.spec.ts","",""
"","1","TC-OAC-016 - Open Savings Then Checking Account","mobile-chrome","2026-10-07","skipped","2026-10-07","Accounts & Balances","tests/account.spec.ts","",""
"","11875","TC009 - Future Date Search @regression","mobile-chrome","2026-10-07","passed","2026-10-07","Transaction Search & Statement Reconciliation","tests/findTransactions.spec.ts","",""
"","8030","TC-RLN-003 - Verify Loan Account Generated","mobile-chrome","2026-10-07","passed","2026-10-07","Loan Request Tests","tests/loanRequest.spec.ts","",""
"","13353","TC-LGN-010 - Login - Multi-session Behavior @regression","firefox","2026-10-07","passed","2026-10-07","Login Module","tests/login.spec.ts","",""
"","6947","TC-RLN-012 - Non Numeric Loan Amount","webkit","2026-10-07","passed","2026-10-07","Loan Request Tests","tests/loanRequest.spec.ts","",""
"","552","TC_API_033 - Verify Description Present","chromium","2026-10-07","passed","2026-10-07","Transaction APIs","API/tests/transaction.api.spec.ts","",""
"","544","TC_API_037 - Verify Valid Account Returns Success","mobile-chrome","2026-10-07","passed","2026-10-07","Transaction APIs","API/tests/transaction.api.spec.ts","",""
"","549","TC_API_023 - Get Account Transactions","firefox","2026-10-07","passed","2026-10-07","Transaction APIs","API/tests/transaction.api.spec.ts","",""
"","620","TC_API_006 - Verify Response Time","firefox","2026-10-07","passed","2026-10-07","Account APIs","API/tests/account.api.spec.ts","",""
"","531","TC_API_026 - Verify Transaction Type Present","chromium","2026-10-07","passed","2026-10-07","Transaction APIs","API/tests/transaction.api.spec.ts","",""
"","8520","TC-TRF-014 - Verify Amount Field Is Empty By Default @regression","chromium","2026-10-07","passed","2026-10-07","Fund Transfers","tests/transferFunds.spec.ts","",""
"","10259","TC-OAC-016 - Open Savings Then Checking Account","webkit","2026-10-07","passed","2026-10-07","Accounts & Balances","tests/account.spec.ts","",""
"","3106","TC_A11Y_01 - Login Page Accessibility","firefox","2026-10-07","passed","2026-10-07","Accessibility Tests","tests/accessibility.spec.ts","",""
"","539","TC_API_027 - Verify Transaction Response Time","webkit","2026-10-07","passed","2026-10-07","Transaction APIs","API/tests/transaction.api.spec.ts","",""
"","8574","TC-TRF-005 - Verify Amount Field Accepts Numbers @regression","mobile-chrome","2026-10-07","passed","2026-10-07","Fund Transfers","tests/transferFunds.spec.ts","",""
"","4","TC_NPD_02 - Failed Payment","firefox","2026-10-07","passed","2026-10-07","","tests/npp-payid.spec.ts","",""
"","14375","TC-LGN-010 - Login - Multi-session Behavior @regression","chromium","2026-10-07","passed","2026-10-07","Login Module","tests/login.spec.ts","",""
"","8245","TC-RLN-014 - Down Payment Equals Loan Amount","chromium","2026-10-07","passed","2026-10-07","Loan Request Tests","tests/loanRequest.spec.ts","",""
"","578","TC_API_039 - Verify Response Header Exists","webkit","2026-10-07","passed","2026-10-07","Transaction APIs","API/tests/transaction.api.spec.ts","",""
"","600","TC_API_018 - Verify Customer XML Structure","firefox","2026-10-07","passed","2026-10-07","Customer APIs","API/tests/customer.api.spec.ts","",""
"","11251","TC-OAC-014 - Create Two Savings Accounts Sequentially","mobile-chrome","2026-10-07","passed","2026-10-07","Accounts & Balances","tests/account.spec.ts","",""
"","12945","TC-FTX-006 - Date Range Start Equals End @regression","mobile-chrome","2026-10-07","passed","2026-10-07","Transaction Search & Statement Reconciliation","tests/findTransactions.spec.ts","",""
"","11669","TC-FTX-011 - Search Invalid Transaction ID @regression","mobile-chrome","2026-10-07","passed","2026-10-07","Transaction Search & Statement Reconciliation","tests/findTransactions.spec.ts","",""
"","556","TC_API_031 - Verify Transaction ID Present","webkit","2026-10-07","passed","2026-10-07","Transaction APIs","API/tests/transaction.api.spec.ts","",""
"","9652","TC-OAC-012 - Verify New Account ID Is Generated","mobile-chrome","2026-10-07","passed","2026-10-07","Accounts & Balances","tests/account.spec.ts","",""
"","542","TC_API_012 - Verify XML Schema Structure","mobile-chrome","2026-10-07","passed","2026-10-07","Account APIs","API/tests/account.api.spec.ts","",""
"","6512","TC_MV_04 - Mobile Bill Pay","mobile-chrome","2026-10-07","passed","2026-10-07","","tests/mobile.smoke.spec.ts","",""
"","8328","TC-TRF-018- Verify Amount Field Visible @regression","firefox","2026-10-07","passed","2026-10-07","Fund Transfers","tests/transferFunds.spec.ts","",""
"","8340","TC-RLN-012 - Non Numeric Loan Amount","chromium","2026-10-07","passed","2026-10-07","Loan Request Tests","tests/loanRequest.spec.ts","",""
"","537","TC_API_025 - Verify Transaction Amount Present","mobile-chrome","2026-10-07","passed","2026-10-07","Transaction APIs","API/tests/transaction.api.spec.ts","",""
"","543","TC_API_035 - Verify Transactions Root Tag Exists","firefox","2026-10-07","passed","2026-10-07","Transaction APIs","API/tests/transaction.api.spec.ts","",""
"","8968","TC-BPY-010 - Pay same biller twice in one session","chromium","2026-10-07","passed","2026-10-07","Bill Payment Tests","tests/billpay.spec.ts","",""
"","3146","TC-LGN-006 - Login - Boundary Value Check @regression","firefox","2026-10-07","passed","2026-10-07","Login Module","tests/login.spec.ts","",""
"","8161","TC-LGN-007 - Login - Special Characters Validation @regression","mobile-chrome","2026-10-07","passed","2026-10-07","Login Module","tests/login.spec.ts","",""
"","532","TC_API_024 - Verify Transaction Exists","firefox","2026-10-07","passed","2026-10-07","Transaction APIs","API/tests/transaction.api.spec.ts","",""
"","6721","TC_MV_05 - Mobile Logout","chromium","2026-10-07","passed","2026-10-07","","tests/mobile.smoke.spec.ts","",""
"","8453","TC-OAC-003 - Verify New Account ID Generated @regression","webkit","2026-10-07","passed","2026-10-07","Accounts & Balances","tests/account.spec.ts","",""
"","9412","TC-RLN-004 - Apply Multiple Loans","firefox","2026-10-07","passed","2026-10-07","Loan Request Tests","tests/loanRequest.spec.ts","",""
"","542","TC_API_016 - Verify Last Name Exists","firefox","2026-10-07","passed","2026-10-07","Customer APIs","API/tests/customer.api.spec.ts","",""
"","3007","TC-LGN-006 - Login - Boundary Value Check @regression","mobile-chrome","2026-10-07","passed","2026-10-07","Login Module","tests/login.spec.ts","",""
"","546","TC_API_028 - Invalid Transaction ID","mobile-chrome","2026-10-07","passed","2026-10-07","Transaction APIs","API/tests/transaction.api.spec.ts","",""
"","17002","TC-FTX-003 - Search Transaction By Date Range @regression","chromium","2026-10-07","passed","2026-10-07","Transaction Search & Statement Reconciliation","tests/findTransactions.spec.ts","",""
"","603","TC_API_019 - Verify Customer Response Time","firefox","2026-10-07","passed","2026-10-07","Customer APIs","API/tests/customer.api.spec.ts","",""
"","11701","TC009 - Future Date Search @regression","firefox","2026-10-07","passed","2026-10-07","Transaction Search & Statement Reconciliation","tests/findTransactions.spec.ts","",""
"","8374","TC-OAC-012 - Verify New Account ID Is Generated","webkit","2026-10-07","passed","2026-10-07","Accounts & Balances","tests/account.spec.ts","",""
"","3400","TC-REG-001- Registration - Valid flow @smoke @regression","mobile-chrome","2026-10-07","passed","2026-10-07","Registration Tests","tests/registration.spec.ts","",""
"","11765","TC-FTX-002 - Search Transaction By Date @regression","firefox","2026-10-07","passed","2026-10-07","Transaction Search & Statement Reconciliation","tests/findTransactions.spec.ts","",""
"","10956","TC-FTX-008 - Invalid Date Format @regression","chromium","2026-10-07","passed","2026-10-07","Transaction Search & Statement Reconciliation","tests/findTransactions.spec.ts","",""
"","3376","TC-REG-001- Registration - Valid flow @smoke @regression","webkit","2026-10-07","passed","2026-10-07","Registration Tests","tests/registration.spec.ts","",""
"","536","TC_API_013 - Get Customer Details","chromium","2026-10-07","passed","2026-10-07","Customer APIs","API/tests/customer.api.spec.ts","",""
"","7951","TC-TRF-015 - Verify Amount Field Accepts Decimal Values @regression","webkit","2026-10-07","passed","2026-10-07","Fund Transfers","tests/transferFunds.spec.ts","",""
"","528","TC_API_013 - Get Customer Details","firefox","2026-10-07","passed","2026-10-07","Customer APIs","API/tests/customer.api.spec.ts","",""
"","6511","TC_MV_04 - Mobile Bill Pay","firefox","2026-10-07","passed","2026-10-07","","tests/mobile.smoke.spec.ts","",""
"","6020","TC-REG-008 - Registration - End-to-End Integration @regression","chromium","2026-10-07","passed","2026-10-07","Registration Tests","tests/registration.spec.ts","",""
"","536","TC_API_016 - Verify Last Name Exists","webkit","2026-10-07","passed","2026-10-07","Customer APIs","API/tests/customer.api.spec.ts","",""
"","10378","TC-TRF-008 - Transfer Between Different Accounts @regression","mobile-chrome","2026-10-07","passed","2026-10-07","Fund Transfers","tests/transferFunds.spec.ts","",""
"","10315","TC-REG-006 - Registration - Multi Session Behavior","firefox","2026-10-07","passed","2026-10-07","Registration Tests","tests/registration.spec.ts","",""
"","2873","TC-LGN-002 - Invalid Login @smoke @regression","firefox","2026-10-07","passed","2026-10-07","Login Module","tests/login.spec.ts","",""
"","11558","TC-FTX-015 - Execute Multiple Searches Sequentially @regression","firefox","2026-10-07","passed","2026-10-07","Transaction Search & Statement Reconciliation","tests/findTransactions.spec.ts","",""
"","541","TC_API_003 - Verify Balance Exists","chromium","2026-10-07","passed","2026-10-07","Account APIs","API/tests/account.api.spec.ts","",""
"","6969","TC-RLN-014 - Down Payment Equals Loan Amount","webkit","2026-10-07","passed","2026-10-07","Loan Request Tests","tests/loanRequest.spec.ts","",""
"","7291","TC-RLN-013 - Non Numeric Down Payment","mobile-chrome","2026-10-07","passed","2026-10-07","Loan Request Tests","tests/loanRequest.spec.ts","",""
"","9810","TC-TRF-001 - Transfer Funds Between Own Accounts @smoke","firefox","2026-10-07","passed","2026-10-07","Fund Transfers","tests/transferFunds.spec.ts","",""
"","8216","TC-TRF-017 - Verify Transfer Funds URL @regression","mobile-chrome","2026-10-07","passed","2026-10-07","Fund Transfers","tests/transferFunds.spec.ts","",""
"","8743","TC-TRF-013 - Verify Transfer Button Is Enabled @regression","chromium","2026-10-07","passed","2026-10-07","Fund Transfers","tests/transferFunds.spec.ts","",""
"","531","TC_API_038 - Verify Status Code Is 200","chromium","2026-10-07","passed","2026-10-07","Transaction APIs","API/tests/transaction.api.spec.ts","",""
"","554","TC_API_003 - Verify Balance Exists","mobile-chrome","2026-10-07","passed","2026-10-07","Account APIs","API/tests/account.api.spec.ts","",""
"","538","TC_API_016 - Verify Last Name Exists","chromium","2026-10-07","passed","2026-10-07","Customer APIs","API/tests/customer.api.spec.ts","",""
"","5711","TC_MV_02 - Mobile Accounts Overview","chromium","2026-10-07","passed","2026-10-07","","tests/mobile.smoke.spec.ts","",""
"","6767","TC-BPY-009 - Verify bill payment with very large amount","chromium","2026-10-07","passed","2026-10-07","Bill Payment Tests","tests/billpay.spec.ts","",""
"","15856","TC-OAC-006 - Open Two CHECKING Accounts @regression","mobile-chrome","2026-10-07","passed","2026-10-07","Accounts & Balances","tests/account.spec.ts","",""
"","559","TC_API_040 - Verify Response Contains Account ID","mobile-chrome","2026-10-07","passed","2026-10-07","Transaction APIs","API/tests/transaction.api.spec.ts","",""
"","10223","TC-OAC-004 - Verify Account Appears In Overview @regression","chromium","2026-10-07","passed","2026-10-07","Accounts & Balances","tests/account.spec.ts","",""
"","11837","TC-OAC-007 - Open Two SAVINGS Accounts @regression","chromium","2026-10-07","passed","2026-10-07","Accounts & Balances","tests/account.spec.ts","",""
"","541","TC_API_032 - Verify Transaction Date Present","mobile-chrome","2026-10-07","passed","2026-10-07","Transaction APIs","API/tests/transaction.api.spec.ts","",""
"","6761","TC-BPY-003 - Verify Account Number mismatch validation","mobile-chrome","2026-10-07","passed","2026-10-07","Bill Payment Tests","tests/billpay.spec.ts","",""
"","11577","TC-BPY-011 - Pay multiple billers in one session","chromium","2026-10-07","passed","2026-10-07","Bill Payment Tests","tests/billpay.spec.ts","",""
"","534","TC_API_025 - Verify Transaction Amount Present","chromium","2026-10-07","passed","2026-10-07","Transaction APIs","API/tests/transaction.api.spec.ts","",""
"","572","TC_API_028 - Invalid Transaction ID","webkit","2026-10-07","passed","2026-10-07","Transaction APIs","API/tests/transaction.api.spec.ts","",""
"","8676","TC-OAC-003 - Verify New Account ID Generated @regression","chromium","2026-10-07","passed","2026-10-07","Accounts & Balances","tests/account.spec.ts","",""
"","8813","TC-BPY-004 - Verify amount cannot be blank","chromium","2026-10-07","passed","2026-10-07","Bill Payment Tests","tests/billpay.spec.ts","",""
"","11892","TC-FTX-006 - Date Range Start Equals End @regression","webkit","2026-10-07","passed","2026-10-07","Transaction Search & Statement Reconciliation","tests/findTransactions.spec.ts","",""
"","10621","TC-OAC-015 - Verify Account Numbers Are Unique","webkit","2026-10-07","passed","2026-10-07","Accounts & Balances","tests/account.spec.ts","",""
"","8153","TC-RLN-007- Blank Down Payment","chromium","2026-10-07","passed","2026-10-07","Loan Request Tests","tests/loanRequest.spec.ts","",""
"","13557","TC-OAC-018 - Create Three Accounts In One Session","chromium","2026-10-07","passed","2026-10-07","Accounts & Balances","tests/account.spec.ts","",""
"","3557","TC-LGN-002 - Invalid Login @smoke @regression","chromium","2026-10-07","passed","2026-10-07","Login Module","tests/login.spec.ts","",""
"","7182","TC-RLN-011 - Negative Down Payment","webkit","2026-10-07","passed","2026-10-07","Loan Request Tests","tests/loanRequest.spec.ts","",""
"","7465","TC-LGN-008 - Login - Duplicate Request/Data @regression","firefox","2026-10-07","passed","2026-10-07","Login Module","tests/login.spec.ts","",""
"","7361","TC-BPY-006 - Verify bill payment with minimum amount 0.01","firefox","2026-10-07","passed","2026-10-07","Bill Payment Tests","tests/billpay.spec.ts","",""
"","552","TC_API_006 - Verify Response Time","webkit","2026-10-07","passed","2026-10-07","Account APIs","API/tests/account.api.spec.ts","",""
"","5907","TC-REG-008 - Registration - End-to-End Integration @regression","mobile-chrome","2026-10-07","passed","2026-10-07","Registration Tests","tests/registration.spec.ts","",""
"","10569","TC-OAC-009 - Verify Account ID Uniqueness @regression","firefox","2026-10-07","passed","2026-10-07","Accounts & Balances","tests/account.spec.ts","",""
"","8359","TC-TRF-015 - Verify Amount Field Accepts Decimal Values @regression","mobile-chrome","2026-10-07","passed","2026-10-07","Fund Transfers","tests/transferFunds.spec.ts","",""
"","2946","TC-LGN-004 - Blank Password @smoke @regression","firefox","2026-10-07","passed","2026-10-07","Login Module","tests/login.spec.ts","",""
"","3743","TC-REG-005 - Registration - Refresh/Back Browser @regression","mobile-chrome","2026-10-07","passed","2026-10-07","Registration Tests","tests/registration.spec.ts","",""
"","12552","TC-OAC-018 - Create Three Accounts In One Session","firefox","2026-10-07","passed","2026-10-07","Accounts & Balances","tests/account.spec.ts","",""
"","535","TC_API_002 - Verify Account ID Matches Request","mobile-chrome","2026-10-07","passed","2026-10-07","Account APIs","API/tests/account.api.spec.ts","",""
"","6689","TC-BPY-007 - Verify bill payment with amount 0","chromium","2026-10-07","passed","2026-10-07","Bill Payment Tests","tests/billpay.spec.ts","",""
"","6023","TC-BPY-003 - Verify Account Number mismatch validation","firefox","2026-10-07","passed","2026-10-07","Bill Payment Tests","tests/billpay.spec.ts","",""
"","563","TC_API_024 - Verify Transaction Exists","chromium","2026-10-07","passed","2026-10-07","Transaction APIs","API/tests/transaction.api.spec.ts","",""
"","8299","TC-RLN-013 - Non Numeric Down Payment","chromium","2026-10-07","passed","2026-10-07","Loan Request Tests","tests/loanRequest.spec.ts","",""
"","7558","TC-RLN-007- Blank Down Payment","mobile-chrome","2026-10-07","passed","2026-10-07","Loan Request Tests","tests/loanRequest.spec.ts","",""
"","12449","TC-FTX-007 - End Date Less Than Start Date @regression","mobile-chrome","2026-10-07","passed","2026-10-07","Transaction Search & Statement Reconciliation","tests/findTransactions.spec.ts","",""
"","8206","TC-RLN-002 - Verify Loan Account Visible In Overview","firefox","2026-10-07","passed","2026-10-07","Loan Request Tests","tests/loanRequest.spec.ts","",""
"","8347","TC-TRF-013 - Verify Transfer Button Is Enabled @regression","mobile-chrome","2026-10-07","passed","2026-10-07","Fund Transfers","tests/transferFunds.spec.ts","",""
"","8782","TC-RLN-005 - Down Payment Exceeds Balance","chromium","2026-10-07","passed","2026-10-07","Loan Request Tests","tests/loanRequest.spec.ts","",""
"","6953","TC-RLN-007- Blank Down Payment","webkit","2026-10-07","passed","2026-10-07","Loan Request Tests","tests/loanRequest.spec.ts","",""
"","537","TC_API_008 - Invalid Account ID","mobile-chrome","2026-10-07","passed","2026-10-07","Account APIs","API/tests/account.api.spec.ts","",""
"","7669","TC-RLN-006 - Blank Loan Amount","chromium","2026-10-07","passed","2026-10-07","Loan Request Tests","tests/loanRequest.spec.ts","",""
"","530","TC_API_024 - Verify Transaction Exists","mobile-chrome","2026-10-07","passed","2026-10-07","Transaction APIs","API/tests/transaction.api.spec.ts","",""
"","7957","TC-TRF-012 - Verify To Account Dropdown Is Enabled @regression","webkit","2026-10-07","passed","2026-10-07","Fund Transfers","tests/transferFunds.spec.ts","",""
"","9","TC-OAC-018 - Create Three Accounts In One Session","mobile-chrome","2026-10-07","skipped","2026-10-07","Accounts & Balances","tests/account.spec.ts","",""
"","8534","TC-TRF-015 - Verify Amount Field Accepts Decimal Values @regression","chromium","2026-10-07","passed","2026-10-07","Fund Transfers","tests/transferFunds.spec.ts","",""
"","9349","TC-OAC-010 - Open New Savings Account","firefox","2026-10-07","passed","2026-10-07","Accounts & Balances","tests/account.spec.ts","",""
"","8393","TC-TRF-010 - Verify Amount Field Is Enabled @regression","webkit","2026-10-07","passed","2026-10-07","Fund Transfers","tests/transferFunds.spec.ts","",""
"","8278","TC-TRF-007 - Verify Transfer Page UI @regression","firefox","2026-10-07","passed","2026-10-07","Fund Transfers","tests/transferFunds.spec.ts","",""
"","7072","TC-BPY-001 - Pay bill with valid details","firefox","2026-10-07","passed","2026-10-07","Bill Payment Tests","tests/billpay.spec.ts","",""
"","9208","TC-TRF-011 - Verify From Account Dropdown Is Enabled @regression","chromium","2026-10-07","passed","2026-10-07","Fund Transfers","tests/transferFunds.spec.ts","",""
"","549","TC_API_014 - Verify Customer ID Matches Request","webkit","2026-10-07","passed","2026-10-07","Customer APIs","API/tests/customer.api.spec.ts","",""
"","538","TC_API_043 - Verify Empty Account ID Returns Error","webkit","2026-10-07","passed","2026-10-07","Transaction APIs","API/tests/transaction.api.spec.ts","",""
"","13301","TC-LGN-008 - Login - Duplicate Request/Data @regression","webkit","2026-10-07","failed","2026-10-07","Login Module","tests/login.spec.ts","",""
"","10943","TC-FTX-008 - Invalid Date Format @regression","webkit","2026-10-07","passed","2026-10-07","Transaction Search & Statement Reconciliation","tests/findTransactions.spec.ts","",""
"","8206","TC-RLN-006 - Blank Loan Amount","mobile-chrome","2026-10-07","passed","2026-10-07","Loan Request Tests","tests/loanRequest.spec.ts","",""
"","540","TC_API_004 - Verify Account Type Exists","mobile-chrome","2026-10-07","passed","2026-10-07","Account APIs","API/tests/account.api.spec.ts","",""
"","11898","TC-FTX-013 - Verify Newest First Ordering @regression","webkit","2026-10-07","passed","2026-10-07","Transaction Search & Statement Reconciliation","tests/findTransactions.spec.ts","",""
"","527","TC_API_021 - Non Numeric Customer ID","chromium","2026-10-07","passed","2026-10-07","Customer APIs","API/tests/customer.api.spec.ts","",""
"","7207","TC-LGN-001 - Login - Valid Flow @smoke @regression","firefox","2026-10-07","passed","2026-10-07","Login Module","tests/login.spec.ts","",""
"","3498","TC-REG-002- Registration Mandatory Field Validation @regression","mobile-chrome","2026-10-07","passed","2026-10-07","Registration Tests","tests/registration.spec.ts","",""
"","8572","TC-OAC-011 - Open New Checking Account","chromium","2026-10-07","passed","2026-10-07","Accounts & Balances","tests/account.spec.ts","",""
"","7642","TC-RLN-010 - Negative Loan Amount","mobile-chrome","2026-10-07","passed","2026-10-07","Loan Request Tests","tests/loanRequest.spec.ts","",""
"","7132","TC-RLN-011 - Negative Down Payment","firefox","2026-10-07","passed","2026-10-07","Loan Request Tests","tests/loanRequest.spec.ts","",""
"","533","TC_API_032 - Verify Transaction Date Present","chromium","2026-10-07","passed","2026-10-07","Transaction APIs","API/tests/transaction.api.spec.ts","",""
"","7142","TC-RLN-008 - Loan Amount Zero","mobile-chrome","2026-10-07","passed","2026-10-07","Loan Request Tests","tests/loanRequest.spec.ts","",""
"","547","TC_API_033 - Verify Description Present","webkit","2026-10-07","passed","2026-10-07","Transaction APIs","API/tests/transaction.api.spec.ts","",""
"","6921","TC-BPY-008 - Verify bill payment with negative amount","chromium","2026-10-07","passed","2026-10-07","Bill Payment Tests","tests/billpay.spec.ts","",""
"","541","TC_API_030 - Verify Response Is Not Empty","firefox","2026-10-07","passed","2026-10-07","Transaction APIs","API/tests/transaction.api.spec.ts","",""
"","556","TC_API_004 - Verify Account Type Exists","firefox","2026-10-07","passed","2026-10-07","Account APIs","API/tests/account.api.spec.ts","",""
"","535","TC_API_041 - Verify Transaction Tag Count","webkit","2026-10-07","passed","2026-10-07","Transaction APIs","API/tests/transaction.api.spec.ts","",""
"","12939","TC-FTX-013 - Verify Newest First Ordering @regression","firefox","2026-10-07","passed","2026-10-07","Transaction Search & Statement Reconciliation","tests/findTransactions.spec.ts","",""
"","5667","TC_MV_02 - Mobile Accounts Overview","webkit","2026-10-07","passed","2026-10-07","","tests/mobile.smoke.spec.ts","",""
"","8030","TC-TRF-017 - Verify Transfer Funds URL @regression","webkit","2026-10-07","passed","2026-10-07","Fund Transfers","tests/transferFunds.spec.ts","",""
"","13887","TC-OAC-008 - Verify Multiple Accounts Visible @regression","mobile-chrome","2026-10-07","passed","2026-10-07","Accounts & Balances","tests/account.spec.ts","",""
"","11194","TC-OAC-009 - Verify Account ID Uniqueness @regression","mobile-chrome","2026-10-07","passed","2026-10-07","Accounts & Balances","tests/account.spec.ts","",""
"","5686","TC_MV_01 - Mobile Login","mobile-chrome","2026-10-07","passed","2026-10-07","","tests/mobile.smoke.spec.ts","",""
"","5011","TC_NPD_03 - Timeout Payment","webkit","2026-10-07","passed","2026-10-07","","tests/npp-payid.spec.ts","",""
"","7462","TC-LGN-009 - Login - Refresh Browser @regression","webkit","2026-10-07","passed","2026-10-07","Login Module","tests/login.spec.ts","",""
"","8296","TC-RLN-003 - Verify Loan Account Generated","firefox","2026-10-07","passed","2026-10-07","Loan Request Tests","tests/loanRequest.spec.ts","",""
"","11344","TC-FTX-011 - Search Invalid Transaction ID @regression","webkit","2026-10-07","passed","2026-10-07","Transaction Search & Statement Reconciliation","tests/findTransactions.spec.ts","",""
"","8071","TC-TRF-013 - Verify Transfer Button Is Enabled @regression","firefox","2026-10-07","passed","2026-10-07","Fund Transfers","tests/transferFunds.spec.ts","",""
"","12183","TC-FTX-001 - Search Transaction By ID @smoke","chromium","2026-10-07","passed","2026-10-07","Transaction Search & Statement Reconciliation","tests/findTransactions.spec.ts","",""
"","530","TC_API_019 - Verify Customer Response Time","chromium","2026-10-07","passed","2026-10-07","Customer APIs","API/tests/customer.api.spec.ts","",""
"","542","TC_API_013 - Get Customer Details","webkit","2026-10-07","passed","2026-10-07","Customer APIs","API/tests/customer.api.spec.ts","",""
"","9382","TC-TRF-006 - Verify Amount Field Mandatory @regression","mobile-chrome","2026-10-07","passed","2026-10-07","Fund Transfers","tests/transferFunds.spec.ts","",""
"","8302","TC-TRF-016 - Verify User Can Clear Amount Field @regression","firefox","2026-10-07","passed","2026-10-07","Fund Transfers","tests/transferFunds.spec.ts","",""
"","11535","TC-OAC-005 - Verify Source Account Balance Reduced @regression","chromium","2026-10-07","passed","2026-10-07","Accounts & Balances","tests/account.spec.ts","",""
"","571","TC_API_001 - Get Account Details","firefox","2026-10-07","passed","2026-10-07","Account APIs","API/tests/account.api.spec.ts","",""
"","536","TC_API_026 - Verify Transaction Type Present","mobile-chrome","2026-10-07","passed","2026-10-07","Transaction APIs","API/tests/transaction.api.spec.ts","",""
"","8827","TC-OAC-012 - Verify New Account ID Is Generated","chromium","2026-10-07","passed","2026-10-07","Accounts & Balances","tests/account.spec.ts","",""
"","11809","TC-OAC-006 - Open Two CHECKING Accounts @regression","chromium","2026-10-07","passed","2026-10-07","Accounts & Balances","tests/account.spec.ts","",""
"","626","TC_API_043 - Verify Empty Account ID Returns Error","firefox","2026-10-07","passed","2026-10-07","Transaction APIs","API/tests/transaction.api.spec.ts","",""
"","3296","TC_A11Y_01 - Login Page Accessibility","webkit","2026-10-07","passed","2026-10-07","Accessibility Tests","tests/accessibility.spec.ts","",""
"","6318","TC_MV_04 - Mobile Bill Pay","chromium","2026-10-07","passed","2026-10-07","","tests/mobile.smoke.spec.ts","",""
"","553","TC_API_023 - Get Account Transactions","webkit","2026-10-07","passed","2026-10-07","Transaction APIs","API/tests/transaction.api.spec.ts","",""
"","6056","TC_A11Y_02 - Accounts Overview Accessibility","webkit","2026-10-07","passed","2026-10-07","Accessibility Tests","tests/accessibility.spec.ts","",""
"","3979","TC-REG-005 - Registration - Refresh/Back Browser @regression","webkit","2026-10-07","passed","2026-10-07","Registration Tests","tests/registration.spec.ts","",""
"","540","TC_API_008 - Invalid Account ID","firefox","2026-10-07","passed","2026-10-07","Account APIs","API/tests/account.api.spec.ts","",""
"","11057","TC-FTX-007 - End Date Less Than Start Date @regression","firefox","2026-10-07","passed","2026-10-07","Transaction Search & Statement Reconciliation","tests/findTransactions.spec.ts","",""
"","11396","TC-OAC-014 - Create Two Savings Accounts Sequentially","chromium","2026-10-07","passed","2026-10-07","Accounts & Balances","tests/account.spec.ts","",""
"","9181","TC-TRF-006 - Verify Amount Field Mandatory @regression","chromium","2026-10-07","passed","2026-10-07","Fund Transfers","tests/transferFunds.spec.ts","",""
"","541","TC_API_004 - Verify Account Type Exists","webkit","2026-10-07","passed","2026-10-07","Account APIs","API/tests/account.api.spec.ts","",""
"","530","TC_API_034 - Verify Content Type Header","firefox","2026-10-07","passed","2026-10-07","Transaction APIs","API/tests/transaction.api.spec.ts","",""
"","9744","TC-OAC-017 - Verify Newly Created Account Appears In Accounts Overview","webkit","2026-10-07","passed","2026-10-07","Accounts & Balances","tests/account.spec.ts","",""
"","532","TC_API_020 - Invalid Customer ID","chromium","2026-10-07","passed","2026-10-07","Customer APIs","API/tests/customer.api.spec.ts","",""
"","12089","TC-FTX-012 - Verify Multiple Transactions Returned @regression","mobile-chrome","2026-10-07","passed","2026-10-07","Transaction Search & Statement Reconciliation","tests/findTransactions.spec.ts","",""
"","5667","TC-REG-004 - Registration - Duplicate Username @regression","chromium","2026-10-07","passed","2026-10-07","Registration Tests","tests/registration.spec.ts","",""
"","543","TC_API_013 - Get Customer Details","mobile-chrome","2026-10-07","passed","2026-10-07","Customer APIs","API/tests/customer.api.spec.ts","",""
"","535","TC_API_021 - Non Numeric Customer ID","firefox","2026-10-07","passed","2026-10-07","Customer APIs","API/tests/customer.api.spec.ts","",""
"","9653","TC-TRF-001 - Transfer Funds Between Own Accounts @smoke","webkit","2026-10-07","passed","2026-10-07","Fund Transfers","tests/transferFunds.spec.ts","",""
"","5727","TC_MV_01 - Mobile Login","firefox","2026-10-07","passed","2026-10-07","","tests/mobile.smoke.spec.ts","",""
"","550","TC_API_006 - Verify Response Time","mobile-chrome","2026-10-07","passed","2026-10-07","Account APIs","API/tests/account.api.spec.ts","",""
"","9904","TC-TRF-001 - Transfer Funds Between Own Accounts @smoke","mobile-chrome","2026-10-07","passed","2026-10-07","Fund Transfers","tests/transferFunds.spec.ts","",""
"","5790","TC_MV_02 - Mobile Accounts Overview","mobile-chrome","2026-10-07","passed","2026-10-07","","tests/mobile.smoke.spec.ts","",""
"","6895","TC-BPY-006 - Verify bill payment with minimum amount 0.01","webkit","2026-10-07","passed","2026-10-07","Bill Payment Tests","tests/billpay.spec.ts","",""
"","11018","TC-OAC-005 - Verify Source Account Balance Reduced @regression","webkit","2026-10-07","passed","2026-10-07","Accounts & Balances","tests/account.spec.ts","",""
"","7272","TC-OAC-013 - Verify Account Type Dropdown Values","firefox","2026-10-07","passed","2026-10-07","Accounts & Balances","tests/account.spec.ts","",""
"","539","TC_API_027 - Verify Transaction Response Time","firefox","2026-10-07","passed","2026-10-07","Transaction APIs","API/tests/transaction.api.spec.ts","",""
"","7707","TC_MV_03 - Mobile Open New Account","webkit","2026-10-07","passed","2026-10-07","","tests/mobile.smoke.spec.ts","",""
"","8253","TC-AOV-002 - Accounts Overview - Logout Functionality @regression","chromium","2026-10-07","passed","2026-10-07","Login Module","tests/login.spec.ts","",""
"","538","TC_API_036 - Verify Transaction Count Greater Than Zero","chromium","2026-10-07","passed","2026-10-07","Transaction APIs","API/tests/transaction.api.spec.ts","",""
"","7162","TC-BPY-009 - Verify bill payment with very large amount","webkit","2026-10-07","passed","2026-10-07","Bill Payment Tests","tests/billpay.spec.ts","",""
"","12119","TC-FTX-002 - Search Transaction By Date @regression","webkit","2026-10-07","passed","2026-10-07","Transaction Search & Statement Reconciliation","tests/findTransactions.spec.ts","",""
"","2965","TC-LGN-003 - Blank Username @smoke @regression","mobile-chrome","2026-10-07","passed","2026-10-07","Login Module","tests/login.spec.ts","",""
"","12709","TC-FTX-015 - Execute Multiple Searches Sequentially @regression","webkit","2026-10-07","passed","2026-10-07","Transaction Search & Statement Reconciliation","tests/findTransactions.spec.ts","",""
"","6819","TC-LGN-001 - Login - Valid Flow @smoke @regression","webkit","2026-10-07","passed","2026-10-07","Login Module","tests/login.spec.ts","",""
"","534","TC_API_034 - Verify Content Type Header","mobile-chrome","2026-10-07","passed","2026-10-07","Transaction APIs","API/tests/transaction.api.spec.ts","",""
"","12717","TC-FTX-012 - Verify Multiple Transactions Returned @regression","firefox","2026-10-07","passed","2026-10-07","Transaction Search & Statement Reconciliation","tests/findTransactions.spec.ts","",""
"","12357","TC-OAC-018 - Create Three Accounts In One Session","webkit","2026-10-07","passed","2026-10-07","Accounts & Balances","tests/account.spec.ts","",""
"","536","TC_API_017 - Verify Customer Has Address Information","chromium","2026-10-07","passed","2026-10-07","Customer APIs","API/tests/customer.api.spec.ts","",""
"","555","TC_API_007 - Verify Required Fields Present","firefox","2026-10-07","passed","2026-10-07","Account APIs","API/tests/account.api.spec.ts","",""
"","12026","TC-FTX-005 - Search Amount With No Results @regression","mobile-chrome","2026-10-07","passed","2026-10-07","Transaction Search & Statement Reconciliation","tests/findTransactions.spec.ts","",""
"","6322","TC_A11Y_03 - Transfer Funds Accessibility","firefox","2026-10-07","passed","2026-10-07","Accessibility Tests","tests/accessibility.spec.ts","",""
"","9853","TC-TRF-004 - Transfer Minimum Amount @regression","chromium","2026-10-07","passed","2026-10-07","Fund Transfers","tests/transferFunds.spec.ts","",""
"","9320","TC-LGN-007 - Login - Special Characters Validation @regression","webkit","2026-10-07","passed","2026-10-07","Login Module","tests/login.spec.ts","",""
"","6433","TC-BPY-008 - Verify bill payment with negative amount","webkit","2026-10-07","passed","2026-10-07","Bill Payment Tests","tests/billpay.spec.ts","",""
"","3548","TC-REG-001- Registration - Valid flow @smoke @regression","chromium","2026-10-07","passed","2026-10-07","Registration Tests","tests/registration.spec.ts","",""
"","6759","TC-OAC-013 - Verify Account Type Dropdown Values","webkit","2026-10-07","passed","2026-10-07","Accounts & Balances","tests/account.spec.ts","",""
"","8854","TC-TRF-006 - Verify Amount Field Mandatory @regression","webkit","2026-10-07","passed","2026-10-07","Fund Transfers","tests/transferFunds.spec.ts","",""
"","7248","TC-BPY-001 - Pay bill with valid details","webkit","2026-10-07","passed","2026-10-07","Bill Payment Tests","tests/billpay.spec.ts","",""
"","3","TC_NPD_02 - Failed Payment","webkit","2026-10-07","passed","2026-10-07","","tests/npp-payid.spec.ts","",""
"","531","TC_API_029 - Non Numeric Transaction ID","webkit","2026-10-07","passed","2026-10-07","Transaction APIs","API/tests/transaction.api.spec.ts","",""
"","551","TC_API_020 - Invalid Customer ID","firefox","2026-10-07","passed","2026-10-07","Customer APIs","API/tests/customer.api.spec.ts","",""
"","7463","TC-RLN-012 - Non Numeric Loan Amount","mobile-chrome","2026-10-07","passed","2026-10-07","Loan Request Tests","tests/loanRequest.spec.ts","",""
"","12518","TC-FTX-004 - Search Transaction By Amount @regression","mobile-chrome","2026-10-07","passed","2026-10-07","Transaction Search & Statement Reconciliation","tests/findTransactions.spec.ts","",""
"","3589","TC-LGN-005 - Blank Username And Password @smoke @regression","chromium","2026-10-07","passed","2026-10-07","Login Module","tests/login.spec.ts","",""
"","5","TC-OAC-017 - Verify Newly Created Account Appears In Accounts Overview","mobile-chrome","2026-10-07","skipped","2026-10-07","Accounts & Balances","tests/account.spec.ts","",""
"","7151","TC-LGN-008 - Login - Duplicate Request/Data @regression","chromium","2026-10-07","passed","2026-10-07","Login Module","tests/login.spec.ts","",""
"","9975","TC-BPY-011 - Pay multiple billers in one session","webkit","2026-10-07","passed","2026-10-07","Bill Payment Tests","tests/billpay.spec.ts","",""
"","11920","TC-FTX-005 - Search Amount With No Results @regression","chromium","2026-10-07","passed","2026-10-07","Transaction Search & Statement Reconciliation","tests/findTransactions.spec.ts","",""
"","713","TC_API_032 - Verify Transaction Date Present","firefox","2026-10-07","passed","2026-10-07","Transaction APIs","API/tests/transaction.api.spec.ts","",""
"","11835","TC-FTX-003 - Search Transaction By Date Range @regression","firefox","2026-10-07","passed","2026-10-07","Transaction Search & Statement Reconciliation","tests/findTransactions.spec.ts","",""
"","544","TC_API_005 - Verify Content Type","mobile-chrome","2026-10-07","passed","2026-10-07","Account APIs","API/tests/account.api.spec.ts","",""
"","10486","TC-OAC-015 - Verify Account Numbers Are Unique","firefox","2026-10-07","passed","2026-10-07","Accounts & Balances","tests/account.spec.ts","",""
"","793","TC_API_033 - Verify Description Present","firefox","2026-10-07","passed","2026-10-07","Transaction APIs","API/tests/transaction.api.spec.ts","",""
"","13555","TC-LGN-010 - Login - Multi-session Behavior @regression","mobile-chrome","2026-10-07","passed","2026-10-07","Login Module","tests/login.spec.ts","",""
"","8868","TC-LGN-009 - Login - Refresh Browser @regression","firefox","2026-10-07","passed","2026-10-07","Login Module","tests/login.spec.ts","",""
"","7762","TC-TRF-005 - Verify Amount Field Accepts Numbers @regression","webkit","2026-10-07","passed","2026-10-07","Fund Transfers","tests/transferFunds.spec.ts","",""
"","6710","TC-BPY-003 - Verify Account Number mismatch validation","chromium","2026-10-07","passed","2026-10-07","Bill Payment Tests","tests/billpay.spec.ts","",""
"","3493","TC-LGN-005 - Blank Username And Password @smoke @regression","firefox","2026-10-07","passed","2026-10-07","Login Module","tests/login.spec.ts","",""
"","11013","TC-BPY-011 - Pay multiple billers in one session","mobile-chrome","2026-10-07","passed","2026-10-07","Bill Payment Tests","tests/billpay.spec.ts","",""
"","8066","TC-TRF-007 - Verify Transfer Page UI @regression","webkit","2026-10-07","passed","2026-10-07","Fund Transfers","tests/transferFunds.spec.ts","",""
"","5009","TC_NPD_03 - Timeout Payment","mobile-chrome","2026-10-07","passed","2026-10-07","","tests/npp-payid.spec.ts","",""
"","566","TC_API_003 - Verify Balance Exists","webkit","2026-10-07","passed","2026-10-07","Account APIs","API/tests/account.api.spec.ts","",""
"","8558","TC-TRF-018- Verify Amount Field Visible @regression","mobile-chrome","2026-10-07","passed","2026-10-07","Fund Transfers","tests/transferFunds.spec.ts","",""
"","12089","TC-FTX-012 - Verify Multiple Transactions Returned @regression","chromium","2026-10-07","passed","2026-10-07","Transaction Search & Statement Reconciliation","tests/findTransactions.spec.ts","",""
"","11617","TC-FTX-011 - Search Invalid Transaction ID @regression","firefox","2026-10-07","passed","2026-10-07","Transaction Search & Statement Reconciliation","tests/findTransactions.spec.ts","",""
"","534","TC_API_030 - Verify Response Is Not Empty","mobile-chrome","2026-10-07","passed","2026-10-07","Transaction APIs","API/tests/transaction.api.spec.ts","",""
"","8156","TC-TRF-011 - Verify From Account Dropdown Is Enabled @regression","firefox","2026-10-07","passed","2026-10-07","Fund Transfers","tests/transferFunds.spec.ts","",""
"","544","TC_API_031 - Verify Transaction ID Present","chromium","2026-10-07","passed","2026-10-07","Transaction APIs","API/tests/transaction.api.spec.ts","",""
"","536","TC_API_011 - Empty Account ID","firefox","2026-10-07","passed","2026-10-07","Account APIs","API/tests/account.api.spec.ts","",""
"","538","TC_API_005 - Verify Content Type","firefox","2026-10-07","passed","2026-10-07","Account APIs","API/tests/account.api.spec.ts","",""
"","548","TC_API_008 - Invalid Account ID","webkit","2026-10-07","passed","2026-10-07","Account APIs","API/tests/account.api.spec.ts","",""
"","1080","TC_API_010 - Negative Account ID","mobile-chrome","2026-10-07","passed","2026-10-07","Account APIs","API/tests/account.api.spec.ts","",""
"","7486","TC-LGN-009 - Login - Refresh Browser @regression","chromium","2026-10-07","passed","2026-10-07","Login Module","tests/login.spec.ts","",""
"","9056","TC-BPY-005 - Pay same biller twice in one session","webkit","2026-10-07","passed","2026-10-07","Bill Payment Tests","tests/billpay.spec.ts","",""
"","8604","TC-OAC-012 - Verify New Account ID Is Generated","firefox","2026-10-07","passed","2026-10-07","Accounts & Balances","tests/account.spec.ts","",""
"","10402","TC-TRF-009 - Verify Transfer Success Message @regression","mobile-chrome","2026-10-07","passed","2026-10-07","Fund Transfers","tests/transferFunds.spec.ts","",""
"","9229","TC-REG-006 - Registration - Multi Session Behavior","chromium","2026-10-07","passed","2026-10-07","Registration Tests","tests/registration.spec.ts","",""
"","543","TC_API_010 - Negative Account ID","firefox","2026-10-07","passed","2026-10-07","Account APIs","API/tests/account.api.spec.ts","",""
"","6757","TC-BPY-007 - Verify bill payment with amount 0","webkit","2026-10-07","passed","2026-10-07","Bill Payment Tests","tests/billpay.spec.ts","",""
"","530","TC_API_011 - Empty Account ID","chromium","2026-10-07","passed","2026-10-07","Account APIs","API/tests/account.api.spec.ts","",""
"","14535","TC-FTX-014 - Reconcile Transaction Data Display @regression","chromium","2026-10-07","passed","2026-10-07","Transaction Search & Statement Reconciliation","tests/findTransactions.spec.ts","",""
"","8724","TC-TRF-017 - Verify Transfer Funds URL @regression","chromium","2026-10-07","passed","2026-10-07","Fund Transfers","tests/transferFunds.spec.ts","",""
"","532","TC_API_011 - Empty Account ID","mobile-chrome","2026-10-07","passed","2026-10-07","Account APIs","API/tests/account.api.spec.ts","",""
"","9991","TC-TRF-008 - Transfer Between Different Accounts @regression","firefox","2026-10-07","passed","2026-10-07","Fund Transfers","tests/transferFunds.spec.ts","",""
"","559","TC_API_024 - Verify Transaction Exists","webkit","2026-10-07","passed","2026-10-07","Transaction APIs","API/tests/transaction.api.spec.ts","",""
"","6962","TC-RLN-012 - Non Numeric Loan Amount","firefox","2026-10-07","passed","2026-10-07","Loan Request Tests","tests/loanRequest.spec.ts","",""
"","7592","TC-RLN-009 - Down Payment Zero","mobile-chrome","2026-10-07","passed","2026-10-07","Loan Request Tests","tests/loanRequest.spec.ts","",""
"","3113","TC-LGN-003 - Blank Username @smoke @regression","webkit","2026-10-07","passed","2026-10-07","Login Module","tests/login.spec.ts","",""
"","11539","TC-FTX-010 - Verify Find Transaction Page UI @regression","chromium","2026-10-07","passed","2026-10-07","Transaction Search & Statement Reconciliation","tests/findTransactions.spec.ts","",""
"","8022","TC-RLN-011 - Negative Down Payment","chromium","2026-10-07","passed","2026-10-07","Loan Request Tests","tests/loanRequest.spec.ts","",""
"","3934","TC-REG-003- Registration - Invalid data handling-Password Mismatch @regression","firefox","2026-10-07","passed","2026-10-07","Registration Tests","tests/registration.spec.ts","",""
"","5010","TC_NPD_03 - Timeout Payment","firefox","2026-10-07","passed","2026-10-07","","tests/npp-payid.spec.ts","",""
"","7589","TC-BPY-006 - Verify bill payment with minimum amount 0.01","chromium","2026-10-07","passed","2026-10-07","Bill Payment Tests","tests/billpay.spec.ts","",""
"","530","TC_API_034 - Verify Content Type Header","chromium","2026-10-07","passed","2026-10-07","Transaction APIs","API/tests/transaction.api.spec.ts","",""
"","9010","TC-BPY-008 - Verify bill payment with negative amount","firefox","2026-10-07","passed","2026-10-07","Bill Payment Tests","tests/billpay.spec.ts","",""
"","12371","TC-FTX-015 - Execute Multiple Searches Sequentially @regression","chromium","2026-10-07","passed","2026-10-07","Transaction Search & Statement Reconciliation","tests/findTransactions.spec.ts","",""
"","10834","TC-OAC-015 - Verify Account Numbers Are Unique","chromium","2026-10-07","passed","2026-10-07","Accounts & Balances","tests/account.spec.ts","",""
"","545","TC_API_029 - Non Numeric Transaction ID","chromium","2026-10-07","passed","2026-10-07","Transaction APIs","API/tests/transaction.api.spec.ts","",""
"","14542","TC-TRF-003 - Verify Source Account Balance Debited","mobile-chrome","2026-10-07","passed","2026-10-07","Fund Transfers","tests/transferFunds.spec.ts","",""
"","533","TC_API_015 - Verify First Name Exists","mobile-chrome","2026-10-07","passed","2026-10-07","Customer APIs","API/tests/customer.api.spec.ts","",""
"","6023","TC_MV_01 - Mobile Login","chromium","2026-10-07","passed","2026-10-07","","tests/mobile.smoke.spec.ts","",""
"","9531","TC-TRF-009 - Verify Transfer Success Message @regression","webkit","2026-10-07","passed","2026-10-07","Fund Transfers","tests/transferFunds.spec.ts","",""
"","10555","TC-OAC-006 - Open Two CHECKING Accounts @regression","webkit","2026-10-07","passed","2026-10-07","Accounts & Balances","tests/account.spec.ts","",""
"","6332","TC-BPY-002 - Verify Payee Name is mandatory","firefox","2026-10-07","passed","2026-10-07","Bill Payment Tests","tests/billpay.spec.ts","",""
"","561","TC_API_018 - Verify Customer XML Structure","chromium","2026-10-07","passed","2026-10-07","Customer APIs","API/tests/customer.api.spec.ts","",""
"","6349","TC-REG-007 - Registration - Data Persistence @regression","mobile-chrome","2026-10-07","passed","2026-10-07","Registration Tests","tests/registration.spec.ts","",""
"","528","TC_API_017 - Verify Customer Has Address Information","firefox","2026-10-07","passed","2026-10-07","Customer APIs","API/tests/customer.api.spec.ts","",""
"","549","TC_API_038 - Verify Status Code Is 200","webkit","2026-10-07","passed","2026-10-07","Transaction APIs","API/tests/transaction.api.spec.ts","",""
"","9737","TC-OAC-001- Open CHECKING Account @smoke","firefox","2026-10-07","passed","2026-10-07","Accounts & Balances","tests/account.spec.ts","",""
"","7324","TC-BPY-009 - Verify bill payment with very large amount","firefox","2026-10-07","passed","2026-10-07","Bill Payment Tests","tests/billpay.spec.ts","",""
"","545","TC_API_039 - Verify Response Header Exists","mobile-chrome","2026-10-07","passed","2026-10-07","Transaction APIs","API/tests/transaction.api.spec.ts","",""
"","11037","TC-FTX-010 - Verify Find Transaction Page UI @regression","firefox","2026-10-07","passed","2026-10-07","Transaction Search & Statement Reconciliation","tests/findTransactions.spec.ts","",""
"","7845","TC_MV_03 - Mobile Open New Account","mobile-chrome","2026-10-07","passed","2026-10-07","","tests/mobile.smoke.spec.ts","",""
"","547","TC_API_023 - Get Account Transactions","mobile-chrome","2026-10-07","passed","2026-10-07","Transaction APIs","API/tests/transaction.api.spec.ts","",""
"","10827","TC-OAC-005 - Verify Source Account Balance Reduced @regression","firefox","2026-10-07","passed","2026-10-07","Accounts & Balances","tests/account.spec.ts","",""
"","5137","TC-REG-004 - Registration - Duplicate Username @regression","firefox","2026-10-07","passed","2026-10-07","Registration Tests","tests/registration.spec.ts","",""
"","530","TC_API_009 - Non Numeric Account ID","mobile-chrome","2026-10-07","passed","2026-10-07","Account APIs","API/tests/account.api.spec.ts","",""
"","11646","TC-FTX-011 - Search Invalid Transaction ID @regression","chromium","2026-10-07","passed","2026-10-07","Transaction Search & Statement Reconciliation","tests/findTransactions.spec.ts","",""
"","14834","TC-FTX-014 - Reconcile Transaction Data Display @regression","webkit","2026-10-07","passed","2026-10-07","Transaction Search & Statement Reconciliation","tests/findTransactions.spec.ts","",""
"","10562","TC-OAC-007 - Open Two SAVINGS Accounts @regression","webkit","2026-10-07","passed","2026-10-07","Accounts & Balances","tests/account.spec.ts","",""
"","14201","TC-TRF-003 - Verify Source Account Balance Debited","firefox","2026-10-07","passed","2026-10-07","Fund Transfers","tests/transferFunds.spec.ts","",""
"","536","TC_API_019 - Verify Customer Response Time","mobile-chrome","2026-10-07","passed","2026-10-07","Customer APIs","API/tests/customer.api.spec.ts","",""
"","8163","TC-TRF-015 - Verify Amount Field Accepts Decimal Values @regression","firefox","2026-10-07","passed","2026-10-07","Fund Transfers","tests/transferFunds.spec.ts","",""
"","5298","TC-REG-004 - Registration - Duplicate Username @regression","webkit","2026-10-07","passed","2026-10-07","Registration Tests","tests/registration.spec.ts","",""
"","2546","TC_A11Y_01 - Login Page Accessibility","chromium","2026-10-07","passed","2026-10-07","Accessibility Tests","tests/accessibility.spec.ts","",""
"","2652","TC_A11Y_01 - Login Page Accessibility","mobile-chrome","2026-10-07","passed","2026-10-07","Accessibility Tests","tests/accessibility.spec.ts","",""
"","9691","TC-TRF-004 - Transfer Minimum Amount @regression","webkit","2026-10-07","passed","2026-10-07","Fund Transfers","tests/transferFunds.spec.ts","",""
"","8552","TC-TRF-005 - Verify Amount Field Accepts Numbers @regression","chromium","2026-10-07","passed","2026-10-07","Fund Transfers","tests/transferFunds.spec.ts","",""
"","536","TC_API_009 - Non Numeric Account ID","firefox","2026-10-07","passed","2026-10-07","Account APIs","API/tests/account.api.spec.ts","",""
"","6821","TC-BPY-009 - Verify bill payment with very large amount","mobile-chrome","2026-10-07","passed","2026-10-07","Bill Payment Tests","tests/billpay.spec.ts","",""
